Topic,Topic_Title
0,민주당·민주주의·당원·정당·국민
1,검찰·윤석열·민주주의·수사·검사
2,언론·민주주의·mbc·방송·자유
3,미얀마·군부·민주주의·쿠데타·국민
4,홍콩·중국·민주주의·시위·시민
5,민주주의·법치·국가·처벌·법치주의
6,여성·페미니즘·민주주의·여자·페미
7,문재인·민주주의·문빠·대통령·지지자
8,일본·아베·민주주의·일본인·국가
9,tistory·이야기·김현정·뉴스쇼·전체
10,우크라이나·러시아·푸틴·민주주의·국가
11,호남·전라도·민주주의·성지·광주
12,민주주의·이것·알다·국가·맞다
13,자유·민주주의·좌파·빨갱이·우파
14,공산주의·사회주의·민주주의·자본주의·반대
15,안철수·민주주의·정치·국민의당·국민
16,통일·북한·평화·민주주의·자유
17,트위터·트윗·민주주의·계정·자유
18,의견·민주주의·다양·다르다·생각
19,한국당·자유한국당·민주주의·국회·보이콧
20,자유·민주주의·대한민국·국가·지키다
21,정의당·심상정·민주주의·정당·민주당
22,이재명·민주주의·전과·지지·지지자
23,국회·의원·민주주의·국민·대의
24,김대중·대통령·dj·민주주의·서거
25,독일·히틀러·민주주의·나치·바이마르
26,안희정·민주주의·지사·대연정·연정
27,종교·교회·기독교·민주주의·개신교
28,문자·폭탄·이언주·민주주의·보내다
29,교과서·자유·민주주의·교육부·역사
30,중국·민주주의·중국인·시진핑·국가
31,투표·민주주의·사전·선거·행사
32,이재명·민주당·민주주의·경선·후보
33,최순실·특검·민주주의·염병·자백
34,모르다·민주주의·기본·이해·무식
35,조선·공화국·인민·조선민주주의인민공화국·민주주의
36,민주주의·황제·왕정·국가·시대
37,이재명·민주주의·후보·대통령·국민
38,읽다·민주주의·보다·객체·정치
39,홍준표·민주주의·자유·후보·대표
40,문재인·대통령·민주주의·국민·정부
41,트럼프·미국·민주주의·대통령·선거
42,영국·여왕·왕실·민주주의·브렉시트
43,대만·중국·민주주의·총통·차이잉원
44,김경수·조작·여론·민주주의·구속
45,다수결·소수·다수·민주주의·의견
46,프랑스·혁명·민주주의·마크롱·나폴레옹
47,자유당·민주주의·독재·국민·자유
48,노무현·민주주의·대통령·진보·실패
49,코로나·마스크·방역·민주주의·자유
50,지방·자치·풀뿌리·분권·민주주의
51,바이든·미국·트럼프·민주주의·회의
52,선거·부정·민주주의·415·15
53,대통령·민주주의·국가·국민·나라
54,19·혁명·주년·민주주의·학생
55,박정희·민주주의·대통령·독재·독재자
56,mb·이명박·민주주의·와해·구속
57,18·광주·운동·민주·민주주의
58,개헌·국민·개헌안·직접·민주주의
59,18·망언·민주주의·광주·왜곡
60,부동산·주택·집값·민주주의·투기
61,자라다·먹다·민주주의·나무·흘리다
62,양승태·사법·무너트린·농단·사법부
63,삼성·이재용·민주주의·기업·재벌
64,이해찬·민주주의·대표·민주당·의원
65,자본주의·민주주의·자본·자본가·경제
66,민주주의·제도·있다·체제·생각
67,선관위·선거·민주주의·부정·관리
68,헌재·탄핵·재판관·헌법·민주주의
69,김기춘·블랙리스트·조윤선·민주주의·리스트
70,자유·민주주의·국가·이것·대한민국
71,다수결·민주주의·원칙·다수·과반수
72,코로나·한국·19·대응·wp
73,민노총·민주노총·노총·민주주의·노조
74,정당·민주주의·정치·조직·있다
75,민주주의·새끼·개새끼·개돼지·짖다
76,브라질·룰라·위기·민주주의·검찰
77,열린사회·문화·대중문화·소통·노래
78,김어준·민주주의·권순욱·주진우·김용민
79,박근혜·민주주의·대통령·탄핵·국민
80,대구·경북·민주주의·tk·성지
81,깨다·보루·최후·조직·시민
82,이승만·자유·민주주의·건국·대통령
83,일베·민주주의·자유·폐쇄·댓글
84,문재인·빨갱이·자유·대한민국·민주주의
85,동성애·차별·소수자·민주주의·반대
86,영화·민주주의·감독·정우성·배우
87,아테네·그리스·고대·민주주의·페리클레스
88,태극기·집회·자유·민주주의·광화문
89,이낙연·민주주의·민주당·사면·대표
90,의사·민주주의·의대·의료·파업
91,트럼프·대통령·자유·미국·민주주의
92,지혜·바르다·관세음·평화·성모
93,경찰·민주주의·경찰청장·경찰국·국민
94,진중권·민주주의·민주당·출처·뉴스
95,김재규·박정희·민주주의·장군·유신
96,조원진·자유·민주주의·대한애국당·후보
97,원전·고리·공론·민주주의·호기
98,기업·재벌·민주주의·경제·국가
99,이순자·아버지·전두환·남편·민주주의
100,자유·민주주의·표현·권리·인권
101,판사·사법부·판결·민주주의·법원
102,30·항쟁·주년·박종철·민주주의
103,장관·조국·개혁·민주주의·검찰
104,사형·민주주의·처벌·파괴·근간
105,이준석·민주주의·대표·국민·정치
106,투표·민주주의·찍다·기권·뽑다
107,광주·성지·민주주의·호남·도시
108,교육·학교·교사·학생·민주주의
109,은영·민주주의·은하영웅전설·삼국지·영전
110,노동자·레닌·혁명·민주주의·계급
111,공수처·민주주의·검찰·권력·수사
112,독립·재건·광복·국가·임정
113,민주주의·죽다·무너지다·망하다·붕괴
114,자유주의·민주주의·자유·정치·자유주의자
115,아베·이낙연·민주주의·위기·일본
116,파시즘·파시스트·민주주의·불당·한국
117,간신·역적·즉시·죽이다·치다
118,이희호·여사·여성·김대중·명복
119,청소년·연령·선거·18·참정
120,조선일보·조선·일보·민주주의·폐간
121,비례·연동·대표·제도·선거
122,이낙연·후보·민주주의·지키다·대통령
123,당원·민주주의·대표·정당·투표
124,선거·개입·울산·청와대·울산시장
125,교육·민주주의·가르치다·학교·시민
126,태국·민주주의·시위·태국인·whatshappeninginthailand
127,포럼·민주주의·토론회·세미나·개최
128,일본·regaindemocracyjp·아베·민주주의·응원
129,민주주의·우덜·아아아아아·지덜·컨셉
130,황교안·민주주의·공안·박근혜·검사
131,중국·민주주의·시진핑·중국인·공산당
132,운동·민주주의·세대·민주·학생
133,양웬리·민주주의·웬리·율리·동맹
134,시위·집회·민주주의·폭력·불편
135,백신·접종·패스·맞다·민주주의
136,탈북자·탈북·북한·탈북민·민주주의
137,세기·21·민주주의·국가·이것
138,전두환·민주주의·살인마·학살·광주
139,한복·상징·중국·민주주의·한푸
140,김영삼·ys·대통령·민주주의·문민정부
141,공무원·관료·민주주의·국민·관료주의
142,직접·민주주의·좋다·브런치·간접
143,친일파·친일·민주주의·일본·일제
144,북한·민주주의·국가·인민·공화국
145,조국·장관·민주주의·검찰·법무부
146,국정원·해체·민주주의·국정원장·공작
147,인도·모디·민주주의·중국·카스트
148,광주·성지·민주주의·호남·전라도
149,김종인·민주주의·국민·통합·파괴
150,플라톤·소크라테스·아테네·민주주의·철인
151,의원·민주주의·응원·드리다·표창원
152,위기·민주주의·표상·위험·한국
153,분립·사법부·삼권·입법부·행정부
154,youtube·민주주의·공유·via·개구멍
155,유시민·민주주의·작가·노무현·정치
156,네이버·댓글·조작·민주주의·포털
157,군대·민주주의·모병제·군인·육사
158,베트남·월남·민주주의·패망·참전
159,동아시아·아시아·민주주의·국가·나라
160,아직·멀다·민주주의·시기상조·이르다
161,드라마·설강·불매·민주주의·왜곡
162,감사·민주주의·수고·고맙다·드리다
163,대학·교수·총장·직선·민주주의
164,탄핵·박근혜·승리·민주주의·파면
165,저스티스·보수주의·민주주의·2020·신보수주의
166,기생충·봉준호·블랙리스트·송강호·영화
167,공수처·개혁·민주주의·기관·진통
168,배칠수·백반·전영미·9595·tistory
169,언론·중재·민주주의·협회·재갈
170,일본·민주주의·유사·국가·일본인
171,기무사·문건·민주주의·계엄령·쿠데타
172,드루킹·조작·드루·댓글·여론
173,촛불·세계·수상·시민·대통령
174,착취·양극·양아치·518·반복
175,세대·노인·민주주의·젊다·젊은이
176,내각·민주주의·의원·개헌·대통령제
177,부마·항쟁·부마민주항쟁·40·주년
178,구학서·신세계·우매·고문·촛불
179,유승민·민주주의·후보·바른정당·보수
180,자유·민주주의·국가·이것·수호
181,국민·민주주의·수준·주인·주권
182,보수·민주주의·자유·가치·지키다
183,인민·민주주의·공화국·맞다·rg
184,대법원장·김명수·사법부·법관·판사
185,미얀마·savemyanmardemocracy·prayformyanmar·savemyanmar·응원
186,일본·판결·분립·삼권·징용
187,영화·1987·민주주의·관람·열사
188,보루·깨다·최후·노무현·조직
189,박근혜·대통령·자유·대한민국·민주주의
190,박지원·민주주의·국정원장·호남·정치
191,태영호·이인영·사상·전향·민주주의
192,행정부·의회·감시·견제·중책
193,ai·김정자·사단·사모·산업
194,부산·민주주의·성지·부울경·경남
195,베네수엘라·차베스·민주주의·마두로·마두
196,서울·서울시·시민·제안·민주주의
197,김종필·훈장·추서·jp·민주주의
198,유시민·클라스·jtbc·작가·강의
199,민주주의·새끼·진짜·이런·역겹다
200,박병석·의장·국회·민주주의·민주당
201,잃다·민주주의·루나·대한민국·이정렬
202,영부인·남편·민주주의·부인·대통령
203,사면·민주주의·박근혜·대통령·이명박
204,송영길·대표·경선·민주주의·민주당
205,문프·민주주의·지키다·팔다·시민
206,울먹이다·이재명·퇴행·지키다·당사
207,한겨레·민주주의·한겨레신문·신문·기사
208,청와대·민주주의·궁궐·상징·집무실
209,민주주의·이거·그거·포켓몬·이것
210,원희룡·허가·병원·영리병원·지사
211,신천지·종교·교회·민주주의·천지
212,민주주의·장미·피다·축제·피우다
213,운동·삼일운동·독립·임시·주년
214,윤석열·자유·민주주의·대통령·법치
215,미국·민주주의·위기·트럼프·후퇴
216,사드·배치·민주주의·절차·반대
217,남재준·국정원·전사·보루·소환
218,정치·정치인·국민·민주주의·머슴
219,민주주의·이하찬·책꼽문·대깨·기머준
220,가짜·뉴스·민주주의·허위·언론
221,공부·민주주의·배우다·다시·안재승
222,전광훈·목사·전광·민주주의·한기총
223,김이수·소장·헌재·부결·해산
224,민주주의·희생·흘리다·목숨·싸우다
225,대의·직접·허구·개헌·민주
226,윤석열·자유·대통령·대한민국·민주주의
227,지키다·민주주의·수호·제발·반드시
228,전교조·법외·교육·민주주의·노조
229,이낙연·약속·합의·법사위·지키다
230,이준석·윤석열·조수진·선대위·김종인
231,살다·민주주의·아직·대한민국·쉬다
232,민주주의·가다·어서·삐빕·명란
233,민주주의·출범식·옷깃·옷자락·옷스타
234,좋다·민주주의·멋지다·사랑·아름답다
235,이명박·민주주의·박근혜·mb·노무현
236,해산·통진당·통합진보당·민주주의·이석기
237,여성·성평등·평등·민주주의·정치
238,중국·미국·동맹·민주주의·한국
239,당원·정당·민주주의·당내·직접
240,직접·문재인·국민·대통령·민주주의
241,감사원·감사원장·월성·최재형·원전
242,미얀마·감사·myanmarloveskorea·thankskorea·대단히
243,삭발식·타살·울먹이다·이언주·아집
244,민주주의·보다·경험·나라·말살
245,정봉주·tistory·이야기·전체·정치
246,동맹·한미·인권·가치·미국
247,금태섭·재앙·부르다·민주주의·국가
248,youtube·자유·민주주의·동영상·added
249,전과·도덕·윤리·인간성·상식
250,나경원·민주주의·발언·나베·부정
251,노예·민주주의·노비·살다·노예근성
252,배달·민주주의·오다·배달부·똑똑
253,주민·예산·참여·자치회·자치
254,풀뿌리·주민·민주주의·자치·지방
255,정관용·시사자키·tistory·전체·이야기
256,관제·데모·전경련·어버이·단체
257,다이쇼·일본·시대·데모크라시·로망
258,어렵다·민주주의·힘들다·너무·피곤
259,승리·민주주의·이기다·오늘·완봉
260,교란·가짜·뉴스·총리·묵과
261,팬덤·정치·민주주의·정치인·지지
262,견제·권력·균형·민주주의·분산
263,정치·정치인·민주주의·국민·있다
264,유튜브·민주주의·자유·유튜버·유투브
265,sujibga·바둑·사수·retweeted·대한민국
266,공존·지구·공산당·사회주의·신세기
267,자유·좌파·민주주의·척결·대한민국
268,이재명·범죄자·징역·무기·무너뜨리다
269,왜놈·총알·백범·김구·처단
270,아버지·침묵·이순자·전두환·한국당
271,촛불·민주주의·들다·집회·시민
272,참전·용사·전쟁·25·자유
273,실패·민주주의·패배·자본주의·200102
274,국민의당·조작·대선·이유미·사건
275,김정은·북한·대한민국·자유·총탄
276,경제민주주의·경제·대통령·문재인·공정
277,포퓰리즘·민주주의·대중·포퓰·리스트
278,노래·민주주의·앨범·으식주호·듣다
279,민경욱·백악관·피켓·죽다·시위
280,허울·윤석열·배격·독재·쓰다
281,공지영·작가·쓰다·진보·위선
282,아멘·아웅산·하나님·미얀마·여사
283,미국·민주주의·국가·나라·인종
284,공산당·민주주의·허용·노무현·있다
285,그램·강아지·스타·듣다·만남
286,페이스북·소셜·저커버그·민주주의·sns
287,항쟁·10·민주·주년·민주주의
288,전체주의·민주주의·국가·이원·가깝다
289,조국·사회주의·사회주의자·장관·사노맹
290,경축·창건·조선민주주의인민공화국·dprk·공연
291,배현진·삿대·의장·사퇴·당신
292,기본소득·토론회·이재명·민주당·계승
293,선거·자유·총선·선택·민주주의
294,의회·청소년·체험·아카데미·교실
295,금지법·제정·차별·차별금지법·평등
296,진보·보수·민주주의·세력·분열
297,자유·민주주의·질서·민주·자유주의
298,스위스·직접·민주주의·투표·국민
299,반지성주의·위기·취임사·대통령·민주주의
300,일본·민주주의·국가·안녕·일본인
301,공산주의·해킹·인드라·인공위성·초능력자
302,법무부·장관·민주주의·법무·박범계
303,박원순·예산·의회·위원회·오세훈
304,민주주의·만세·시발·씨발·똥파리
305,민주주의·파괴·파괴자·파괴범·말살
306,검찰·지키다·민주주의·잊다·현장
307,김진태·의원·자유·민주주의·대한민국
308,박원순·시장·민주주의·서울시장·서울
309,소수자·소수·다수·민주주의·다수자
310,미국·민주주의·미국인·국가·전파
311,민주주의·짧다·역사·나라·아직
312,이재명·언론·김부선·민주주의·뉴스
313,사회민주주의·사회·민주주의·민주사회주의·중도좌파
314,이재명·윤석열·민주주의·후보·찍다
315,특검·드루킹·조작·드루·사건
316,만세·민주주의·흑흑·씨발·분노
317,경제민주주의·회계사·21·김경·대표
318,과학·민주주의·과학자·합리주의·지성
319,전두환·아버지·민주주의·이순자·미국식
320,쳤럼·그밋·사육식켰·범죄·미치광
321,명복·고인·빌다·삼가다·영면
322,대통령·국민·민주주의·교체·정권
323,경상도·영남·민주주의·tk·패권주의
324,수입·윤석열·운동·사로잡히다·년대
325,여성·대회·세계·기념·평등
326,복붙·민주당·중요·민주주의·쵝오
327,부엉이·모임·연구원·의원·싱크탱크
328,싫다·민주주의·싫어하다·캡아·이렇다
329,새해·많이·민주주의·기원·건강
330,영국·10·회의·초청·정상
331,운동·1980·한마디·년대·좋아하다
332,한동훈·방기·수사·보복·비리
333,투표·민주주의·박탈·새끼·말다
334,통곡·법원·무너지다·지지자·종합
335,공산주의·공산당·민주주의·국가·자유
336,블록체인·기술·투표·민주주의·블록
337,이재오·mb·보복·파괴·수사
338,청원·청와대·게시판·국민·민주주의
339,손석희·jtbc·민주주의·저널리즘·태블릿
340,검열·예술·창작자·작품·창작
341,ned·기금·단체·지원·미국
342,남조선·공화국·인민·민주주의·조선민주주의인민공화국
343,보안법·폐지·국가·국보법·악법
344,등급·송영길·방미·미국·월권
345,민주주의·맹점·단점·취약·약점
346,싸움·전쟁·자유·세력·민주주의
347,김명수·대법원장·사법부·판사·사법
348,추미애·개혁·민주주의·보류·전설
349,검찰·민주당·개혁·민주주의·수사
350,공론·고리·호기·원전·민주주의
351,임금·최저·민주주의·노동자·인상
352,자유·민주주의·대한민국·죽다·사망
353,머스크·트위터·일론·인수·민주주의
354,국가·민주주의·나라·칼리프·한국
355,폄훼·도지사·18·15·박원순
356,상임·위원장·민주당·상임위·국회
357,준용·조작·의혹·국민의당·유린
358,김원봉·민주주의민족전선·독립·박헌영·조선공산당
359,도서·일반·사회·정치·민주주의
360,오바마·고별·연설·민주주의·버락
361,독재·민주주의·독재자·쓰다·허울
362,촛불·축제·다녀가다·천만·민주주의
363,양심수·석방·한상균·이석기·적폐
364,미덕·고르다·좋다·사용·대통령
365,민주주의·웃기다·웃다·웃음·나오다
366,사업·삽질·사대강·mb·이명박
367,한글·창제·세종·대왕·정신
368,청원·타락·나경원·부추기다·중단
369,심상정·노동·정의당·대선·있다
370,선거·민주주의·포토·최재혁·제임슨
371,독재·시민·민주주의·주호민·웃기다
372,토크빌·미국·토크·알렉시·민주주의
373,토론·이재명·거부·후보·민주주의
374,혜영·기권·공수처·소신·개혁
375,싱가포르·싱가폴·리콴유·민주주의·아시아
376,직장·회사·우석훈·멈추다·민주주의
377,경기도·이낙연·임원·이재명·산하
378,이슬람·무슬림·종교·민주주의·샤리아
379,고영주·공산주의자·공산주의·민주주의·문재인
380,오세훈·서울·서울시장·시장·민주주의
381,민주주의·싸우다·공짜·지치다·수레
382,이정미·재판관·대행·헌법재판·퇴임
383,수준·맞다·모든·정부·토크빌
384,이스라엘·팔레스타인·하마스·민주주의·국가
385,챌린지·미얀마·회복·동참·응원
386,코로나·총선·치르다·한국·선거
387,민주주의·치얼스·스크린샷·배대지·그누메
388,민주주의·싫다·생각·의견·말다
389,정보·기업·독점·플랫폼·구글
390,숙의·민주주의·공론·결정·결론
391,남영동·분실·대공·기념관·인권
392,민주주의·평범·있다·평범하다·으로서
393,이재명·수사·민주주의·검찰·fc
394,문희상·의장·국회·민주주의·의회
395,수원·수원시·염태영·시민·시장
396,검찰·개혁·성패·핵심·조국
397,이탈리아·민주주의·이태리·오성운동·베를루스코니
398,미얀마·응원·민주주의·myanmar·savemyanmar
399,박진·지나치다·후보자·미국·장관
400,조선민주주의인민공화국·아가다경자홍문·wikipedia·shistory·today
401,후원·집회·촛불·퇴진·요청
402,터키·에르도안·민주주의·세속주의·술탄
403,스웨덴·민주주의·승자·총선·한국
404,선관위·관리·중앙·위원회·선거
405,여론·조사·리얼미터·조작·미터
406,시끄럽다·원래·민주주의·소란·요란
407,선거·지방·투표·관리·중앙
408,대한민국·민주주의·국가·공화국·펔예
409,만세·민주주의·대한민국·자유·대한
410,적폐·민주주의·좌파·사회주의·사회
411,적폐·청산·민주주의·세력·개혁
412,그림·풍자·누드·표창원·그리다
413,찍다·민주주의·사진·누구·인간
414,김근태·민평련·인재근·민주주의·정신
415,노조·노동자·파업·민주주의·노동
416,민주주의·단점·투표·저런·이런
417,정의·민주주의·살다·나라·실종
418,빠띠·디지털·플랫폼·민주주의·캠프
419,정부·민주주의·국민·너무·잘못
420,우상호·민주주의·의원·민주당·이한열
421,유사·국가·민주주의·괜히·독재
422,트랙·패스트·총장·문무일·조정
423,임시·수립·토대·의회·정부
424,감사·자유·대한민국·민주주의·드리다
425,민주주의·폐해·반지성주의·위기·폐단
426,민주주의·싶다·너무·진짜·가다
427,헌법·민주주의·국가·기본·규정
428,서울대·교수·민주주의·조국·동문
429,자유·빼다·민주주의·떼다·붙이다
430,우병우·구속·농단·민주주의·검찰
431,권성동·울먹이다·변론·로부터·탄핵
432,이란·iran·규탄·탄압·지지
433,이재명·망하다·후퇴·경제·선택
434,디지털·민주주의·인터넷·플랫폼·온라인
435,민주주의·연예인·방탄·아이돌·멤버
436,분립·삼권·민주주의·기본·레오네스
437,의사당·난입·트럼프·미국·시위대
438,미군·미국·방위비·주둔·한국
439,이낙연·개헌·제안·사회·토지
440,민주주의·이것·펀치·알다·당신
441,먹다·시리얼·우유·맛있다·첵스
442,독재·민주주의·독재자·정권·민주
443,혜경궁·김혜경·링스·631000·닉네임
444,여가부·여성·폐지·가족부·민주주의
445,대자보·울분·탄압·단독·조선일보
446,노태우·전두환·직선·민주주의·대통령
447,28·대구·기념식·운동·뿌리
448,제헌절·헌법·주년·제헌·대한민국
449,이석기·해산·석방·민주주의·감옥
450,박지희·아나운서·모이·막말·논란
451,김일성·만세·광화문·외치다·민주주의
452,민주주의·아아·이것·그것·그래
453,50·민주주의·후퇴·500·대한민국
454,김재철·구형·원세훈·징역·mbc
455,집필·교과서·황교안·기준·인민
456,룰라·위기·탄핵·넷플릭스·민주주의
457,장애인·이동·시위·민주주의·장애
458,만세·민주주의·당근빳따죠·praise·사럴줏비시오
459,정의당·민주당·정의·국민·민주주의
460,월미도·음용·보이스·오피·부평
461,아버지·민주주의·앵커·브리핑·구인
462,말다·민주주의·올리다·담다·함부로
463,소녀상·일본·전시·중단·국가
464,선거·중앙·관리·이벤트·위원회
465,목마름·타다·만세·목마르다·민주주의
466,동안·박근혜·민주주의·이명박·파탄
467,조선민주주의인민공화국·창건·수령·인민·위대
468,혜님·eastasia·ourrepublicanparty·moonout·폭도
469,신년·각본·회견·연극·질의
470,추미애·악마·윤석열·대권·던지다
471,사진전·안녕·전시·민주주의·아트선재센터
472,불매·협찬·배우·피디·광고
473,조선민주주의인민공화국·조선·미국·비핵·핵무기
474,안철수·능력·공정·정부·무능
475,체험·경기도·현장·청소년·교육
476,노회찬·의원·정의당·민주주의·영결식
477,피곤·김진태·광장·pick·박제균
478,인터넷·민주주의·참여·발전·발달
479,이란·이슬람·중동·민주주의·혁명
480,아시아·민주주의·동아시아·말레이시아·극동
481,삭제·자유·규모·세력·존재
482,인민재판·재판·인민·민주주의·자유
483,시민·능동·참여·지도자·민주주의
484,나경원·말살·심판·좌파·총선
485,사조직·사법·남용·부패·직권
486,홍콩·법안·통과·인권·미국
487,민주주의·운빨·좋다·발전·역사
488,천안문·민주주의·되찾다·탱크·중국
489,차악·최악·최선·민주주의·뽑다
490,tumblbug·한국여성단체연합·티셔츠·후원자·프로젝트
491,강연·아카데미·생태·공동체·강연회
492,후진국·결손·한국·민주주의·선진국
493,개인·민주주의·자유·권리·사회
494,국적법·개정안·팔다·지키다·나라
495,중국·코로나·우한·민주주의·바이러스
496,탈레반·아프간·아프가니스탄·미국·미군
497,절차·민주주의·모든·정당·모두
498,통합·국민·국론·분열·민주주의
499,필리핀·마르코스·두테르테·민주주의·독재자
500,정세균·의장·국회·분립·민주주의
501,박상훈·다시·민주주의·적폐·뉴스
502,비트코인·화폐·민주주의·암호화폐·가상
503,이석기·석방·의원·양심수·청산
504,후원·대식·ohmynews·달라다·korea
505,협치·야당·여당·민주주의·국민
506,통구이·운동·광주·새끼·맞다
507,역군·지상전·육군·실전·승리자
508,메르켈·독일·마셜·민주주의·플랜
509,변호사·변호·민주주의·흉악범·변호인
510,민주주의·유그·달콤하다·짜릿·이것
511,귀감·워싱턴포스트·세계·보이다·한국
512,임종석·비서실장·주사파·민주주의·김일성
513,독립·희생·민주주의·대한민국·조국
514,선거구·쪼개다·획정·의회·지방
515,청년·젊은이·자유·대한민국·젊다
516,이언주·임명·삭발식·조국·삭발
517,우파·자유·민주주의·대한민국·지키다
518,금태섭·민주주의·의원·당론·당원
519,운동·민주·민주주의·김일성·사회주의
520,추미애·민주주의·대표·국민·민주당
521,조갑제·보수·ys·궤멸·버리다
522,이재명·희대·리스트·새롭다·포퓰
523,민주주의·중우정치·다수·mob·이끌다
524,추미애·윤석열·최재형·징후·위기
525,국민·대한민국·주권·으로부터·권력
526,ft·등불·치르다·코로나·한국
527,소련·러시아·민주주의·소련군·박노자
528,100·새끼·mbc·짓거리·군부
529,혐오·차별·민주주의·소수자·표현
530,사치·조센징·불과·헬조센·민주주의
531,영원·민주주의·언제나·투표·미크론
532,투표·선거·사전·전자·개표
533,조사·여론·민주주의·기관·리얼미터
534,스페인·프랑코·내전·민주주의·국왕
535,현충일·총출동·우파·규탄·단체
536,설훈·교육·20·하락·지지
537,트위터·중국·중국인·웨이보·민주주의
538,소름돋내·원전·게시판·숙의·청원
539,배틀그라운드·투데이·선봉·실망·선전
540,vs·자유민주주의·민주주의·자유·전체주의
541,케냐·말라위·아프리카·선거·민주주의
542,최순실·설전·변호인·이경재·뿔나다
543,자유·화이팅·힘내다·민주주의·대한민국
544,올랑드·마크롱·프랑스·실업·청년
545,최장집·시위·촛불·위기·시작
546,방역·계엄·살인·백신·질병
547,다시·민주주의·돌아보다·칼럼·생각
548,서민·도움·국민·우리나라·민주주의
549,한국·민주주의·아시아·나라·국가
550,이언주·타살·삭발식·삭발·눈물
551,응원·민주주의·힘내다·안마·감사
552,최순실·이경재·설전·변호사·김동환
553,검찰·언론·개혁·민주주의·유착
554,강간·사제단·신부·jpg·특징
555,촛불·혁명·평화·세계·민주주의
556,루소·홉스·양도·성선설·로크
557,레포트·인문·민주주의·사회·지방
558,대한민국·강국·민주주의·국민·세계
559,간첩·자유·잡다·민주주의·김정은
560,남재준·국정원장·자유·수호·출마
561,들어서다·김정은·바치다·대통령·분명
562,여론·조작·범죄·민주주의·중대
563,민주주의·국가·절대로·도저히·일어나다
564,조작·여론·무효·선거·부정
565,판세·모래알·미얀마·아웅산·ᆯ로
566,민주주의·시작·부활·진정·첫걸음
567,다이소·부사장·중상·건배·싸가지
568,민주주의·반드시·성공·승리·지키다
569,광화문·어제·기도회·행사장·구국
570,박영선·민주주의·서울·민주당·후보
571,정의당·심상정·다원·민주주의·노동
572,즐기다·마음껏·여러분·민주주의·누리다
573,구형·징역·드루·댓글·조작
574,민주주의·그런·그것·처럼회·원래
575,민주주의·쾅쾅·비바·벌컥·어뢰
576,교육·가르치다·민주주의·공교육·배우다
577,군대·국군·자유·지키다·국민
578,야당·여당·견제·민주주의·역할
579,노인·민주주의·나이·살다·소외
580,이준석·불경·챙기다·고민·당내
581,탈환·놀음·첫걸음·놀아나다·문재인
582,전두환·광주·학살·18·헬기
583,30·민주주의·후퇴·시키·동유럽
584,일베·싫다·흘러가다·생각나다·표현
585,철판·낯짝·김무성·마이크·더러
586,야히넷·김세의·feat·야구·실시간
587,로드·민주주의·군주·프라우·현대인
588,유사·민주주의·국가·quasi·역시
589,유사·민주주의·여윽시·역시·알다
590,쓰레기·민주주의·청소·수거·봉투
591,노무현·대통령·민주주의·그립다·대한민국
592,미얀마·myanmar·save·응원·지지
593,미국·선거인단·선거·제도·투표
594,문재인·하야·민주주의·대통령·시키
595,택시·운전사·광주·영화·힌츠페터
596,요시·탄저균·jpg·유포·시즌
597,이낙연·창출·가치·민주당·사퇴
598,반기문·유엔·촛불·민주주의·사무총장
599,eat·닥치다·자치·지방·방법
600,연회·승리·폭소·자축·김부겸
601,중국·국가·민주주의·공산당·시진핑
602,본령·정진석·언론·개입·마르다
603,보루·마지막·최후·민주주의·선거
604,시리아·아랍·중동·민주주의·국가
605,한국당·패스트·트랙·둘러싸다·자진
606,결혼·낳다·민주주의·선택·자유
607,통합·적폐·소수의견·청산·포용
608,세월호·학살·김상곤·공작·해경
609,도서관·공공·민주주의·기둥·지탱
610,투표소·개표·민주주의·선거·수개표
611,tbs·오세훈·김어준·언론·서울시
612,방탄소년단·bts·청원·면제·커버스토리
613,김일성·주사파·해방·주체사상·사상
614,루다·개헌·틸러슨·자시다·중요
615,후불·유시민·가불·선진국·민주주의
616,문재인·정권·민주주의·대통령·정부
617,물고문·전기·고문·남영동·분실
618,mbc·최순실·외치다·비판·민주주의
619,호주·회담·협력·민주주의·모리슨
620,평등·민주주의·인간·평등주의·모든
621,민주주의·국민·새끼·촌놈·사기
622,민주주의·완성·끊임없이·노력·가다
623,비대위·비상·법원·이준석·정지
624,주식·투자·펀드·시장·투자자
625,워커·천안함·통곡·시다·호국
626,베이비복스·남자·노래·민주주의·mix
627,민주주의·멤버·연구원·디지털·대답
628,상승·순위·20·촛불·덕분
629,학교·교육감·교육·이재정·에듀포토
630,학교·지수·경기도교육청·교육청·진단
631,중심·세계관·일베·조선민주주의인민공화국·재앙
632,미사·천주교·시국·봉헌·수도자
633,정동영·평화·평화주의·기치·지방
634,조선민주주의인민공화국·위원장·무력·국무·사령관
635,겨레·고소·총장·노조·검찰
636,야히·야구·대륙·무료·동영상
637,18·복원·받들다·온전히·촛불
638,전북·선관위·북한·몰래·지우다
639,직접·민주주의·위험·읽기·허상
640,청문회·조국·간담회·국민·근거
641,청문회·임명·인사·청문·민주주의
642,농단·눕방풀·무효·당선·최순실이
643,발음·의의·민주주의·데모크라시·주이
644,전희·임종석·질의·실장·모욕감
645,대의·민주주의·이거마따·흉자·그쵸쵸그쵸
646,92·소환·개선·도입·70
647,모자르다·숨통·죄다·세습·들이다
648,민주주의·열다·오다·똑똑·벌리다
649,민주주의·토착·자유·공무원·왜구
650,eu·유럽연합·유럽·민주주의·국가
651,일본·중국·국가·한국·북한
652,sbs·언론·방송·이재익·민주주의
653,세대·4050·40·민주주의·imf
654,자유·대한민국·깨어나다·국민·민주주의
655,최장집·파탄·진보·도덕·위기
656,구학서·신세계·우매·파문·고문
657,알바·춘분·오피·음용·수익
658,이승만·박정희·대통령·경제·자유
659,기념식·10·후퇴·대통령·참석
660,개입·선거·대통령·투표·국민
661,이낙연·의원·신동근·김종민·홍영표
662,도민·경기도·참여·직접·이재명
663,심재철·회군·변절자·서울역·민주주의
664,안철수·은퇴·정계·국민의당·조작
665,강추위·맞불·되새기다·14·촛불
666,박원순·시장·서울시장·민주주의·서울시
667,세금·소득·내다·부자·증세
668,기본소득·복지·소득·국가·세금
669,안철수·드루·드루킹·국정원·댓글
670,최장집·전체주의·진보·비판·작심
671,폄훼·단호히·범위·관용·18
672,행진곡·홍콩·울리다·퍼지다·부르다
673,정당·위성·선관위·미래한국·비례
674,택시·카풀·카카오·면허증·운전
675,그녀·성인·따다·사이트·순위
676,강동구·청소년·축제·남태평양·welcome
677,민주화운동기념사업회·학술지·발간·전망·학술
678,한유·유치원·사립·유총·개학
679,직접·국회·해산·없애다·민주주의
680,손학규·민주주의·대표·만덕산·위기
681,알바·섹트·사모·아우디·강남
682,황교안·각오·장외·이어·죽다
683,검열·인터넷·국가·차단·접속
684,페미니즘·젠더·여성·돌봄·페미니스트
685,분열·국론·통합·유시민·민주주의
686,도민·경기·축제·정책·경기도
687,일제히·강점·외신·주목·코로나
688,떨리다·목마름·타다·백묵·노여움
689,보여주다·wp·코로나·싸움·19
690,죽다·민주주의·대한민국·의회·민국
691,파맛·첵스·민주주의·첵스초코·먹다
692,기재부·재정·예산·민주주의·부총리
693,민주주의·제도·있다·사회·생각
694,자격·민주주의·누리다·살다·논하다
695,기후·위기·탄소·민주주의·esg
696,석학·반목·쓴소리·우파·심각
697,대학·학생·시절·민주주의·최루탄
698,자유한국당·일언반구·사회·타령·연설
699,추잡당·이규리·준포·눈물·전장
700,김현철·김홍걸·ys·dj·아들
701,리버티·프라임·강산·장갑·에스트
702,만세·자유·민주주의·자유민주주의·장군
703,교수·민주당·고발·미리·임미리
704,손혜원·블랙홀·빠트리다·목포·사태
705,손석희·앵커·브리핑·민주주의·youtube
706,민족주의·민족·민주주의·관계·결손
707,역군·통일·조국·수호·자유
708,종각역·가족부·집회·성평등·여성
709,박원순·탄생·촛불·혁명·시민
710,김태일·안철수·빨리·입장·밝히다
711,민주주의·파괴·파괴자들·파괴자·반역자
712,행진곡·우뚝·상징·세계·다음
713,flawed·999·결핍·이코노미스트·지수
714,표창원·민주주의·의원·선거·국회
715,나경원·출석·지키다·자유·검찰
716,선언문·한국당·혁신·300·위험
717,반공·유신·안보·종북·세뇌
718,kt·씨발·통신·올레·씨받이
719,공짜·민주주의·저절로·쉽다·얻다
720,임애순·주인공·염병·특검·50
721,북한·폐기·주민·트럼프·억압
722,버겁다·새끼·민주주의·등신·전세기
723,후원·집회·달다·촛불·민주주의
724,미국·이식·한국·촛불·민주주의
725,대자보·홍콩·유학·중국·학생
726,건배·민주주의·판대기·않뒘·외치다
727,전쟁·민주주의·내전·평화·자유
728,다행·민주주의·태어나다·좋다·살다
729,한류·한국·문화·민주주의·세계
730,특강·복지·교수·이상·youtube
731,그램·만남·맛집·스타·섹트
732,처칠·체제·최악·제외·윈스턴
733,이한열·부마·항쟁·열사·윤석열
734,월북·북한·자유·살다·민주주의
735,시장·경제·자유·민주주의·세우다
736,대의·훼손·법치주의·민주주의·법치
737,검찰·장관·기관·분명·개혁
738,백기완·선생·명복·영면·고인
739,탐문·시대·포장·독재·살다
740,하나님·대한민국·께서·바라다·영원히
741,민주주의·정치·평화·자유·시대
742,최루탄·세대·외치다·민주주의·맞다
743,닫다·한국당·역행·정부·나라
744,걷어붙이다·영상·왈칵·봇물·회수
745,에밀리·코르보·디스아너드·황제·믹스
746,인공·지능·ai·민주주의·기술
747,문화·예술·예술인·연대·연극인
748,김건희·김건·고발·모터스·도이치
749,목마름·타다·남몰래·목마르다·오래
750,김지하·노래·시인·목마름·만세
751,공화국·조선·인민·조선민주주의인민공화국·민주주의
752,민주주의·정치·정치인·모르다·이천수
753,민주주의·고혜랸·너무·바노아·우엉
754,군중·무식·집회·전라·성인
755,북한·꼴찌·세계·하위·성숙도
756,캄보디아·훈센·경찰서·비밀·야당
757,고생·많다·민주주의·오다·한국
758,의견·지금·열심히·웃기다·까다
759,민주주의·맛보다·쪼끔·쬐끔·프롤레타리아
760,김대중·칼럼·무너지다·이렇다·한국
761,헌법·자유·민주주의·민주·질서
762,배달·민주주의·배송·집배원·배달부
763,일본·북한·국가·관계·한국
764,질식·이재명·유신·젖다·후퇴
765,자유·표현·민주주의·권리·책임
766,선거법·위반·선거·민주주의·교수
767,검찰·정청래·개혁·youtube·청경채
768,토론·후보·대선·민주주의·tv
769,usa·shouthkorea·twitter·move·chooce
770,아파트·입주민·입주자·민주주의·주민
771,문재인·대한민국·공산주의자·자유·민주주의
772,문무일·조정안·수사·정면·원리
773,청소년·청년·서밋·민주주의·인권법
774,미국·차기·유력·대통령·존중
775,간첩·안기부·드라마·고문·민주주의
776,공수처·날치기·선거법·통과·민주주의
777,23·지수·한국·16·일본
778,발명품·적합·고도·유시민·작가
779,녹색당·대의원·추첨·녹색·활동가
780,안희정·이승만·박정희·긍정·기록
781,중국·자유·자본·인력·대한민국
782,최장집·위기·운동·결합·세력
783,제주·사건·폭동·남로당·제주도
784,촛불·민주주의·탄핵·토요일·들다
785,민영·민영화·서비스·민주주의·철도
786,전두환·그대로·보도·인권·민주주의
787,국가·민주주의·여기다·여기·와따
788,넷플릭스·위기·민주주의·다큐·다큐멘터리
789,성우회·예비역·단체·친목·장군
790,미얀마·복붙·응원·지지·민주주의
791,김용판·독버섯·의원직·물러나다·이재명
792,부처·불교·민주주의·불성·비행
793,미국·인권·민주주의·전쟁·세계
794,어플·문자·행동·출시·지역구
795,미사일·강하다·보다·민주주의·대통령
796,좋다·민주주의·살다·저런·아무
797,카탈루냐·스페인·독립·바르셀로나·투표
798,탄핵·민주주의·대통령·페루·임기
799,웹툰·워너블들아·베플이·동질·좌표
800,연임·단임·대통령·후진국·중임
801,전단·대북·금지법·인권·의회
802,최장집·교수·민주주의·한국·칼럼
803,양당·유성·적자·87·청산
804,링컨·국민·연설·게티스버그·민주주의
805,작가·소설·읽다·민주주의·보다
806,누나·박지원·박근혜·아버지·전두환
807,문재인·파괴·정권·민주주의·독재
808,행진곡·18·제창·기념식·응축
809,자원·공기업·저주·후진국·부문
810,강남·강남구·인민·민주주의·구민
811,나경원·악용·절대·완성·권력
812,순위·증시·진격·야동·빠트리다
813,논산시·마을·논산·명선·자치
814,빨갱이·보수·친일·친일파·민주주의
815,이상민·장구·치다·쓴소리·쏟다
816,노태구·통일·민주주의·경기대·세계관
817,live·youtube·파괴·막다·함께
818,언론·노조·겨레·고소·총장
819,경기도·의회·결정·경기도의회·민주주의
820,장유·소각장·김해시·증설·김해
821,만세·민주주의·후드·부천·박수
822,느리다·민주주의·천천히·원래·해결
823,학생회·폐지·여학생·투표·대학
824,신정훈·충격·당선인·윤석열·전력
825,헌법·정당·해산·제도·민주주의
826,kbs·게시판·토론·이인호·고견
827,폼페이오·거론·폼페오·친구·중국
828,권력·명심·국민·기관·항쟁
829,워싱턴포스트·세계·보이다·한국·어떻다
830,국민·민주주의·권력·분법·개돼지
831,민주화운동기념사업회·100·박람회·2019·개최
832,쥐새끼·민주주의·잡다·먹다·갉아먹다
833,이양·성과·쿠데타·없이·권력
834,사민주의·북유럽·사회주의·사회·사회민주주의
835,임애순·주인공·염병·특검·50
836,전단·대북·살포·자유·삐라
837,밀크티·마라탕·마카롱·투표·트위터
838,박종철·열사·이한열·1987·최루탄
839,심상정·한국당·않다·대화·부정
840,김동길·자유·2013·친하다·민주주의
841,민주당·윤석열·민주주의·윤석렬·지키다
842,드라마·중국·투자·자본·설강
843,집회·코로나·방역·광화문·민주주의
844,민주주의·필요·제군·시급하다·시급
845,유네스코·등재·평화상·노벨·nvey
846,소셜·미디어·기술·민주주의·sns
847,고든·공격·자국·전문가·한국
848,개성공단·공단·촉구·개성·수사
849,대통령·포용·행정부·라이시·공정
850,나치·섬뜩·진중권·가깝다·개념
851,가족부·폐지·성평등·여성·여가부
852,후퇴·민주주의·침체·아레사·리버테리언
853,민주주의·일본·일본식·다이죠부·히가시요츠야나기
854,누각·경제·김종인·민주·토대
855,대통령·전직·감옥·민주주의·저지르다
856,민경욱·용지·투표용지·제단·훔치다
857,칼잡이·김두관·도전·통제·윤석열
858,김관진·구속·댓글·mb·사이버사
859,순천시·순천·학교·함양·성료
860,특검·박영수·민주주의·이재용·감사
861,순천·순천시·페스티벌·캐치프레이즈·민주주의
862,워싱턴포스트·세계·어떻다·보이다·한국
863,서초동·검찰·대구·개혁·집회
864,18·광주·폭동·항쟁·민주주의
865,문재인·적폐·민주주의·저스티스·트랩
866,레닌·망하다·외치다·민주주의·거짓말
867,오월·정신·주춧돌·18·자유
868,박성진·수립·기업부·후보자·이승만
869,김상조·공정·거래·위원장·임명
870,추미애·검찰·민주주의·독재·민주당
871,진입·23·완전·종합·수준
872,창조주·본체·지상·천국·자유
873,워싱턴포스트·세계·보이다·한국·어떻다
874,박상학·전단·대북·살포·평양
875,직접·대의·민주주의·정치·썩다
876,이화여대·이대·학생·김혜숙·민주주의
877,경찰·경찰국·행안부·치안·본부
878,조윤선·철저·진땀·대통령·믿다
879,자유·민주주의·대한민국·선제·역전
880,지시·계획·통제·파괴·국회
881,우크라이나·젤렌스키·아웅산·아멘·평강
882,서초·집회·서초동·검찰·티라노
883,모범·사례·코로나·퇴보·한국
884,파드메·아나킨·오비·오비완·제다이
885,버스·타다·민주주의·기사·저상버스
886,민경욱·415·부정·선거·cpac
887,배심원·판사·도입·재판·판결
888,선수·스포츠·야구·민주주의·경기
889,원세훈·징역·국정원·구형·민주주의
890,반항·품격·앵커·브리핑·노예
891,한국식·민주주의·한국·박통·오져따
892,whatshappeninginmyanmar·coup·hearthevoiceofmyanmar·apr·weneeddemocracy
893,김근태·의장·주기·민주주의·민주주의자
894,ebs·프라임·다큐·docuprime·민주주의
895,미얀마·myanmar·un·유혈·진압
896,건국·임시·1948·1919·정부
897,안진걸·되돌아보다·가난·소장·쓰다
898,민주주의·좋다·좋아하다·아이러브데모크라씨·믿규
899,민주주의·표현·독자·시발·자유
900,후퇴·경제민주주의·도전·민주주의·경제
901,220901·자택·성토·유래·수색
902,시장·경제·자유·민주주의·성경
903,원세훈·국정원·국정원장·징역·민주주의
904,기본소득·소득·기본·민주주의·존엄
905,83·78·92·참여·소환
906,마티즈·디비·해킹·서훈·연루
907,민주주의·생각·싶다·들다·짜장
908,전권·민주주의·갯종인·시도니아·파맛첵스가
909,남성·가부장·사회·한남·민주주의
910,총장·윤석열·검찰·보호·사의
911,유권·맹종·맹신·무서움·친중
912,노무현·민주주의·대통령·장자·노짱
913,사진가·뉴턴·6월항쟁·항쟁·인터뷰
914,재판관·탈당·위장·위배·민형배
915,박태우·tv·구독·hardtalk·alert
916,동학·혁명·농민·운동·녹두
917,죤나·망고·다모아·캔디·야동
918,안희정·지사·충남·포럼·좋다
919,유교·맹자·민주주의·현대·성리학
920,윤석열·전두환·발언·기춘·옹호
921,민주주의·자유·인권·개체·가치
922,부정·민주주의·행위·덩어리·정면
923,민주주의·오늘·신성·끜내서·사이드테일
924,피습·송영길·둔기·테러·망치
925,죽다·민주주의·나라·하긴·트친들아
926,성지·민주주의·역시·루스벨트·프랭클린
927,브린·마이클·야수·지배·인민
928,스페이스·연진·이재명·정지·인터뷰
929,윤상현·조슈아·홍콩·우려·조선일보
930,신세계·우매·고문·단독·바뀌다
931,산케이·원색·비난·이렇다·한국
932,공휴일·제헌절·국경일·기념일·노동절
933,건국·이승만·기독교·입국·설계도
934,통일·한반도·평화·민주주의·발전
935,다모아·망고·캔디·야동·19
936,병기·민주주의·무기고·모드·상인
937,횃불·황교안·맞서다·촛불·독재
938,집회·태극기·자유·민주주의·성조기
939,국적자·말소·베트남·유학·공산
940,최고·민주주의·이즈·단점·최대
941,승리·민주주의·이기다·서동요·회전
942,1987·이한열·일깨우다·어머니·영화
943,김구·영웅·이승만·반열·창건
944,괴물·독점·목소리·깨다·검찰
945,보수당·최장집·민주당·응원·좋다
946,가르침·wp·연기·대선·진짜
947,박지현·당원·지현이·민주주의·여성
948,wp·극찬·당선·위기·세계
949,선택·유권자·투표·민주주의·감당
950,광장·광화문·광화문광장·민주주의·공간
951,위그루족·몽골족·티베트족·대만·친미
952,오늘·민주주의·운명·international·선거일
953,철거·박원순·천막·공화당·골절
954,중화기·dmz·지부장·철거·남조선
955,아버님·박종철·아들·정기·열사
956,정봉주·성추행·노력·인권·수호
957,최순실·전하다·아줌마·민주주의·다음
958,자유·vs·싸움·대결·사회주의
959,운임·표준·본격·추진·단독
960,노인정·놀이터·주거·투자·환경
961,웃기다·존나·민주주의·미치다·시발
962,미투·운동·metoo·민주주의·폭로
963,구속·박근혜·법치주의·사설·확인
964,후일·예체능·있다·합중국·개발
965,주년·민주주의·항쟁·기념사·30
966,한국·절망·워싱턴포스트·반갑다·위기
967,슈피겔·독일·기술력·언론·아시아
968,청산·친일·적폐·민주주의·친일파
969,drtarao·riggedelection·blackdemonstration·gordongchang·southkorea
970,박원순·제압·mb·훼손·문건
971,출범식·연대·24·수호·타운
972,서울시·서울·위원회·시민·민주주의
973,특검·민주주의·수사·자유·보호
974,한국당·심상정·반대·대화·김상조
975,국회·직접·국민·민주주의·대의
976,양승태·주거지·증거·빼박·구속
977,루즈벨트·행진·정지·영원히·계속
978,개종·강제·교육·금지법·국가
979,문화·10·방역·보건·세계
980,항쟁·기념식·10·대통령·기념사
981,매크로·한나라당·유체·이탈·맹비난
982,김동연·선출·흔들·지사·쿠데타
983,개표·투표·선거·투명·공정
984,폭발력·사건·수만·드루킹·달하다
985,신보라·화이트·공기업·리스트·사업
986,지지자·극성·메일·난폭운전·공산주의
987,광주·광주시·모델·직접·시민
988,일본·단어·한자·한자어·서양
989,무너지다·어떻다·민주주의·이정민·시선
990,법치주의·작동·김진표·157·대통령
991,119·변호사·광주·구하다·지지
992,엘리트주의·엘리트·독재·반대·민주주의
993,미국·민주주의·국가·이상·나라
994,가장·문제·그것·크다·한국
995,조선민주주의인민공화국·독립국·회원국·인공기·올림픽
996,사드·대통령·촛불·혁명·의구심
997,내셔널리즘·민족주의·파시즘·건강·자유주의
998,민주당·180·협치·국회·김태년
999,열광·대상·직접·개혁·국회
1000,민주주의·민주·정권·독재·운동
1001,문화일보·네이버·압력·출처·부당
1002,디자인·민주주의·디자이너·그랜드·역할
1003,김세의·feat·실시간·순위·페이스북
1004,이재용·경제민주주의·21·기소·부회장
1005,근로·의무·법률·원칙·조건
1006,민주주의·고추·참맛·시민운동·향기
1007,2022·민주주의·이것·숙제·실화
1008,대전·대전시장·허태정·의거·민주
1009,정치·검찰·사법·방종·상호
1010,박근혜·민주주의·대통령·수키·기여
1011,박원순·김일성·광화문·만세·부르다
1012,자금·정치·정치자금법·한국·부자
1013,멤버·내부·먹다·민주주의·신현수
1014,지식인·민주주의·대중·지식·권력자
1015,국론·분열·보완·서초동·개혁
1016,자유·우파·정당·중심·민주주의
1017,민주주의·어울리다·멀다·거리·인간
1018,엔드·하승수·레오·유시민·비례
1019,임혁백·브라질·기고·전복·쿠데타
1020,민주주의·정당·바른정당·정체·바르다
1021,이석기·석방·양심수·의원·민주주의
1022,민형배·탈당·꼼수·사보·회기
1023,알프레드·스미스·질병·치료·민주주의
1024,광장·집회·청계광장·광화문·광화문광장
1025,보수·자유·민주주의·정당·우파
1026,후보·민주주의·찍다·지지자·있다
1027,metoo·투표소·개표·식민지·벗어나다
1028,참여연대·선동·김한정·끼어들다·연대
1029,저격·주기·추미애·검찰·12
1030,박근혜·탄핵·촛불·인용·퇴진
1031,만세·김일성·장군·조선일보·조선
1032,중국·응원·민주주의·기원·사랑
1033,미얀마·응원·민주주의·rt·차디차다
1034,자유·반공·유신·민주주의·헌법
1035,평화·자유·지구촌·세계·민주주의
1036,흐르다·강력·처럼·가장·민주주의
1037,20·민주주의·후퇴·퇴보·보다
1038,윤희·냉소·양념·시선·폭탄
1039,묘지·19·참배·대통령·성숙
1040,이만희·hwpl·루마니아·실화·동유럽
1041,ebs·마인즈·그레이트·자칭·더빙
1042,공수처·선전·포고·황교안·처리
1043,제주·희생자·도민·진실·기억
1044,스토킹·범인·가해·범죄·민주주의
1045,절차·과정·민주주의·중요·결과
1046,추미애·국민의당·조작·대선·국민
1047,씨발·아저씨·노망·강간·걸레
1048,개헌·헌법·개헌안·자유·민주주의
1049,쓴맛·민주주의·쓰다·맛보다·느끼다
1050,나루히토·일본·기시다·총리·천황
1051,독재·민주주의·쓰다·시메·삼각관계
1052,후원·8000·치킨·사흘·대식
1053,민주주의·자유·인민·국호·아조시
1054,민주주의·테마파크·첵스·마법·강압
1055,먹다·마시다·와인·민주주의·소주
1056,정치인·정치·지지·민주주의·지지자
1057,과제·통합·다양·회복·남다
1058,선거·선거법·선관위·관리·중앙
1059,민주주의·옳다·생각·많다·모르다
1060,송영길·모욕감·당규·당헌·신임
1061,개혁·검찰·민주주의·완성·발전
1062,마리우·소아르스·포르투갈·별세·보츠와나
1063,탐방·현장·여행·청년·민주
1064,안희정·승리·역사·민주주의·대한민국
1065,표현·자유·민주주의·제한·보장
1066,앵커·브리핑·떠오르다·되찾다·만나다
1067,면죄부·국민의당·사설·검찰·사건
1068,기린·민주주의·조음·장난감·알람
1069,당원·직접·정당·더불어민주당·당규
1070,미술·미술관·국립현대미술관·움직이다·무엇
1071,황운하·검찰·수사·이익·조직
1072,수업·민주주의·교수·학기·전공
1073,국론·찬반·분열·조국·직접
1074,평등·stigma·fighting·stigmabase·경제
1075,어쩌다·민주주의·국가·감방·지나가다
1076,총기·규제·미국·로비·민주주의
1077,민중당·민중·정당·진보·통합진보당
1078,향배·대선·가르다·운명·인류
1079,동수·사랑침례·목사·정역·교회
1080,이라크·미국·민주주의·대량·살상
1081,뺏기다·한테·민주·민주주의·빼앗기다
1082,신천지·공산주의·카페·천지·자유
1083,군인·원로원·최고·최강·미국
1084,법안·국회법·검수·위헌·이상민
1085,투표·선거·민주주의·국민·제도
1086,국무부·인권·확증·담당·북한
1087,부결·투표·전공의·휴진·파업
1088,핀란드·의회·민주주의·면담·의장
1089,법사위·민주당·법사위원장·통합·민주주의
1090,아랍인·취약·넘보다·이어받다·믿다
1091,협치·진보·좌파·주사·세력
1092,한판·사회민주주의·붙다·김형석·정부
1093,김제동·강연료·고액·논산·강연
1094,조양호·회장·죽음·대한항공·일가
1095,특성화고·열정페이·고졸·신화·팔다
1096,cpac·연합·워싱턴·재단·공격
1097,선거·부정·사형·민주주의·근간
1098,사치·민주주의·국민·깨닫다·사치품
1099,박우섭·강탈·권리·그만두다·공개
1100,우상호·날아들다·지키다·서울시장·서울
1101,근황·jpg·청원·청와대·외치다
1102,팽창·부문·공공·과잉·공무원
1103,민주주의·왕정·신분·폐지·없애다
1104,이재명·서글프다·논쟁·현대·맞다
1105,최순실·영상·알다·민주주의·최순실이
1106,문재인·외신·대통령·이끌다·스트롱
1107,민주주의·하키·젠체·저런·당하다
1108,김수영·한국일보·코로나·생각·다른
1109,회의감·회의·민주주의·들다·제도
1110,응수·04·2019·회담·좌파
1111,민주주의·장려겜·빳따죠·네버다이·민쮸
1112,허준영·vectorius·간절·retweeted·많다
1113,엮다·기획·조총련·함세웅·간첩단
1114,공개·정보·개인·민주주의·사생활
1115,조센징·제국·식민·일본·사치
1116,전쟁·국가·민주주의·이론·끼리
1117,에버트·촛불·인권·헌신·시민
1118,민주주의·혜택·미개인·누리다·어쩌구저쩌구
1119,청원·새롭다·국민·민주주의·은평
1120,연대·태극기·자유·von·박지현
1121,점거·천막·박원순·광화문광장·불법
1122,출근·돌입·대응·않다·윤석열
1123,바로·민주주의·이것·그것·10300
1124,민형배·정의당·탈당·테러·야바위
1125,미국·건국·쿠데타·민주주의·노예
1126,협동조합·인터넷·디지털·낙관론자·기술
1127,윤동주·국적·조선민주주의인민공화국·조선·조선인
1128,조정식·의장·출마·선언·맞서다
1129,직접·측면·대의·보완·국민
1130,세월호·유가족·한국당·망언·해산
1131,파시즘·홉스봄·에릭·운동·자유주의
1132,하나님·나라·천국·엘리야·선지자
1133,최장집·공수처·결합·위험·위기
1134,nl·해방·민족·민중·혁명
1135,구학서·신세계·우매·위안부·고문
1136,가정·민주주의·가족·가족회의·실천
1137,피습·송영길·테러·대통령·속보
1138,리섭·회복·박통·본래·우익
1139,유머·화제·인터넷·사회주의·찍다
1140,배은심·여사·이한열·조문·열사
1141,죄명·시장·헌법·경제·지키다
1142,포스코·미얀마·군부·사회단체·가스전
1143,둘러싸다·저격·여론·조국·온라인
1144,인권·인권위·확대·위상·강화
1145,승리·민주주의·페르시아·savemyanmar·인본주의
1146,댓글·드루·토론회·조작·미디어
1147,박형준·사찰·불법·mb·부산
1148,경선·불복·민주주의·당내·무식
1149,대통령·노무현·김대중·싸우다·문재인
1150,김무성·박근혜·유승민·당권파·공화주의
1151,133·오라·1600·박근혜·외침
1152,쿠바·카스트로·민주주의·쿠바인·혁명
1153,학교·교육·학생·교장·민주주의
1154,자유·개인·선택·민주주의·국가
1155,금요·칼럼·06·분석·삼류
1156,레비츠키·스티븐·대니얼·지블랫·무너지다
1157,이재명·검찰·파괴·흉기·제재
1158,방어·민주주의·악용·김종현·방어력
1159,벨라루스·belarus·지지·eu·morawieckim
1160,지면·사라지다·윤석열·자유민주주의·선거
1161,펜스·부통령·트럼프·미국·민주주의
1162,ft·등불·치르다·beacon·파이낸셜타임스
1163,프랑스·유력지·노하우·한국·주불
1164,당원·최재성·송파·정당·혁신
1165,공론·과정·결론·수용·거치다
1166,한상진·사회학자·병리·진보·해치다
1167,세계·역량·국난·상찬·국민
1168,핫스팟·정호·김종대·무너지다·잡다
1169,지나치다·민주주의·박진·자네·과하다
1170,가짜·뉴스·박대출·숱하다·교란
1171,국가·민주주의·국가쟈나·수국·한정
1172,장정일·배춧잎·선거·프리즘·로컬
1173,서울대·교수·10·징계·시국선언
1174,최장집·넘어서다·조국·행사·원칙
1175,차별·민주주의·금지법·혐오·사회
1176,배후·그릇·날다·테러·이재명
1177,성폭행·안희정·연구소·피해자·직원
1178,월미도·음용·보이스·오피·부평
1179,김세의·feat·실시간·페이스북·대한민국
1180,타협·깨다·세력·절대·대통령
1181,비밀·투표·기명·원칙·민주주의
1182,광주·황교안·흔들리다·18·지키다
1183,김정자·ai·지구촌·광명·천사
1184,기업·한국·opportunity·tremendous·뚜렷
1185,민주화운동기념사업회·강좌·김근태·해설사·우원식
1186,경쟁자·규범·가지·조장·거부
1187,공존·공산주의·자유·민주주의·절대로
1188,바르다·지혜·평화·견해·민주주의
1189,nyt·진화·파면·젊다·반응
1190,데일리메일·김원섭·아침·열다·세상
1191,jtbc·설강·불매·왜곡·폐지
1192,미얀마·군부·쿠데타·규탄·촉구
1193,의거·15·주년·보훈처·60
1194,법사위·아수라장·막무가내·항의·난장판
1195,민주주의·차오르다·초핫딜·카쿄·뽕쟁년이
1196,조심·민주·민주주의·밍구·밍구주의
1197,가짜·민주주의·다산·진보·칼럼
1198,강훈·탈출·51·잠자다·기적
1199,교실·입시·만능·시험·먹이다
1200,이준석·출석·훼손·당내·법원
1201,역사·민주주의·선거·생생·만나다
1202,공론·플러스·갈등·대안·이슈
1203,미국·동맹·혈맹·한국·자유
1204,nvey·by·via·세계·보이다
1205,심상정·한국당·않다·대화·부정
1206,추미애·대표·당원·민주당·민주주의
1207,탄핵·박근혜·민주주의·아마겟돈·심판
1208,유신·박정희·한국·민주주의·1972
1209,블랙리스트·기생충·승리·서다·정권
1210,극단주의자·정당·문지기·민주주의·연합
1211,민주주의·감다·성경·통칳·막다
1212,18·후예·광주·나뉘다·진실
1213,칠레·피노체트·아옌데·죽음·과테말라
1214,선진국·민주주의·우리나라·대한민국·모범
1215,함부로·외치다·당신·민주주의·해리스
1216,민예총·노래·서울광장·공연·광장
1217,감사·민주주의·당신·기억·희생
1218,좀먹다·민주주의·벽돌·망치다·깡패
1219,마르크스·마르크스주의·프롤레타리아·사상가·엥겔스
1220,잊다·자유·대한민국·민주주의·극우
1221,총장·검찰·윤석열·수사·배격
1222,행진곡·노래·애국가·부르다·안익태
1223,승리·민주주의·조아욧·서인혁른·베개
1224,죽다·민주주의·의회·00·옷까
1225,류샤오보·중국·조국·갇히다·민주주의
1226,디즈니·강화·플러스·드라마·역사
1227,노르웨이·아이슬란드·민주주의·의회·덴마크
1228,박원순·고소·고발·mb·불가피
1229,회고록·전두환·출판·금지·이순자
1230,조선민주주의인민공화국·아가다경자홍문·wikipedia·1991·today
1231,건국·축일·주년·광복절·주간조선
1232,돌봄·00·페미니즘·19·토론
1233,얼만큼·진전·인터뷰·의문·마지막
1234,이낙연·회견·광주·선언·기자
1235,청원·직접·청와대·국민·민주주의
1236,반민주주의·민주주의·히어로·민족·우와
1237,탄압·정진·발전·심문·구속
1238,조작·댓글·여론·매크로·색히
1239,문무일·패스트·트랙·조정·반하다
1240,문정인·특보·외교·의견·민주주의
1241,철거민·성남시장·이재선·이재명·폭행
1242,깨우다·보신주의·선각자·지도자·목소리
1243,죽다·아직·민주주의·멀겋다·홍래드야
1244,윤석열·배격·허울·전체주의·독재
1245,자본주의·자유·민주주의·경제·시장
1246,중고교·교과서·2020·사라지다·결국
1247,미얀마·savemyanmardemocracy·savemyanmar·응원·지지
1248,이낙연·이재명·경선·후보·민주당
1249,후쿠야마·극우·세계·종말·프랜시스
1250,뺏기다·한테·민주·민주주의·올라오다
1251,일본·망가지다·공태희·어떻다·pd
1252,과분·너무·민주주의·much·too
1253,김경수·영구히·파괴자·격리·징역
1254,검사·기소·검찰·판사·수사
1255,임기·기초·유지·박근혜·브린
1256,강점·일제히·외신·코로나·주목
1257,짜장면·민주주의·볶음밥·계란·자장면
1258,더불어민주당·윤석열·탄압·공보·검찰
1259,급락·언론·뉴욕타임스·67·기자단
1260,이동호·강연·실체·서울대·위원
1261,김순덕·칼럼·울다·자유·동아닷컴
1262,흔들리다·이어지다·꺾이다·민주주의·일상
1263,윤석열·반격·추미애·넘다·맞다
1264,지방·실현·강화·마을·의회
1265,주진형·불편·꺼내다·환영·경제
1266,커피·풍구·방향제·탈취제·비료
1267,dies·darkness·어둠·죽다·암흑
1268,병역·양심·거부자·거부·의무
1269,guest·추천·법학·연구회·좌판
1270,팬덤·정치·정당·einkleinbsw·변상욱
1271,청문회·의회·전단·대북·금지법
1272,박노자·봉환·홍범·유해·파랗다
1273,소홀·시들다·서울시청·기념식·고창
1274,지지·지지율·99·민주주의·국가
1275,사라지다·민주주의·진정하다·완성·시작
1276,column·모자라다·무능·칼럼·the
1277,단식·특검·단식투쟁·선거·투쟁
1278,김동길·별세·평생·헌신·종합
1279,wonsoonpark·빈틈·nvey·서울시장·온전
1280,윤석열·국민·자유·민주주의·통합
1281,윤석열·자유·민주주의·반공·검색
1282,인권위·인권·국가인권위·우려·민주주의
1283,워싱턴포스트·블랙리스트·기생충·이기다·승리
1284,사령관·남조선·동지·공화국·인민
1285,정진석·압수수색·정면·반발·도전
1286,자유·창당·새누리당·진성·당원
1287,전쟁·민주주의·멸공·북한·새끼
1288,국가·민주주의·독재·왕권·공화국
1289,술독·221028·민들레·톡톡·교사
1290,민주주의·씨발·새끼·쓰레기·해병
1291,저쪽·싫다·투표·민주주의·김민하
1292,삭제·자유·개헌안·자문·자문위
1293,낙태죄·낙태·임신·태아·생명
1294,폭주·안철수·모으다·마음·정권
1295,이것·민주주의·고것·저것·민정
1296,이낙연·민주당·류여해·후보·민주주의
1297,전쟁·냉전·러시아·중국·세계
1298,직접·민주주의·스마트폰·it·기술
1299,살인마·김무성·면죄부·김성태·사수
1300,부결·조례·안산시·세월호·자유한국당
1301,경각심·이낙연·포만감·끊임없이·총리
1302,민주주의·죽다·밟히다·굴하다·신분
1303,이재명·민주주의·각론·이유·권력자
1304,안철수·서울시장·박원순·김문수·김일성
1305,윤석열·사퇴·자유·지키다·국민
1306,양정철·성찰·준비·다음·시대
1307,호남·질책·안철수·달다·실현
1308,유공자·518·18·민주·영웅
1309,박물관·개관·어린이·국회·헌정기념관
1310,이재명·민주주의·파괴자·파괴자들·파괴
1311,민주주의·형태·나라·앤엘·non
1312,전야제·남경필·뒤풀이·모독·광주
1313,홍세화·노사모·팬덤·걸림돌·작용
1314,최영미·거룩·내뱉다·이여·조선일보
1315,김형석·102·자라나다·철학자·진보
1316,허울·사설·법치·파괴·권력
1317,대한민국·자유·지키다·민주주의·모두
1318,공산주의·사회주의·동서남북·민주주의·개념
1319,스타워즈·제다이·프리퀄·제국·레아
1320,성숙성·교과서·인도·수록·촛불
1321,기독교·다짐·저지·대회·모임
1322,진화·언론·한국·교도통신·통신사
1323,네티즌·응원·감동·일본·이루다
1324,공주·프린세스·민주주의·국가·표정
1325,법관·안철수·탄핵·모르다·민주주의
1326,민주주의·영웅·선배·매칭·흘리다
1327,현충일·호국·영령·보훈·병훈
1328,자유·대한민국·종북·민주주의·세력
1329,아침·염홍철·민주주의·단상·즐겁다
1330,민주주의·나라·주인·국민·빙신
1331,자유·지키다·전복·민주주의·나라
1332,안창호·홍준표·민중·겨냥·걱정
1333,여자·민주주의·여성·주상·계집
1334,종언·진화·외신·박정희·체제
1335,변하다·확립·민심·법치·대한민국
1336,연세대·고려대·학생·교수·민주주의
1337,김두관·지키다·대통령·복귀·쿠데타
1338,cnn·인용·탄핵·국가·youtube
1339,수박·민주주의·연성·빗대다·과일
1340,한국·민주주의·소마·파이널·라떼
1341,서면·질의·답변·윤석열·집회
1342,생태·의인·과징금·600·도박
1343,다르다·민주주의·자유·뉴데일리·chogabje
1344,괴물·독점·검찰·깨다·목소리
1345,예산·의회·미국·슘페터·통제
1346,은퇴·손학규·안희정·지사·정치
1347,호갱·전투기·비싸다·한국·유일
1348,닫히다·고립·광장·일상·목소리
1349,마크롱·프랑스·수정·ohmynews·파괴
1350,폭도·비웃음·경멸·케이스·존엄
1351,생일·선물·축하·snowwhiteminjuday·겨울
1352,법사위·보루·최후·통합·수호
1353,사옥·이재용·삼성·14·법원
1354,광주·광산구·광주광역시·토론회·민형배
1355,태극기·거부·대한민국·상징·김정은
1356,위성·정당·비례·침해·위헌
1357,민변·변론·인권·모집·법률가
1358,00·옹고집·옵티머스·옵티멈으·옶어요
1359,검찰·자유·맞겨보자·민주주의·박근헤
1360,가난·민주주의·안진걸·빈민·평등
1361,배우다·미국·민주주의·한국·아프리카
1362,소크라테스·예수·다수결·십자가·위험
1363,이산가족·미사일·염원·강하다·풀다
1364,한계·민주주의·관용·단점·끌어내리다
1365,가짜·자정·로부터·키우다·뉴스
1366,신뢰·먼저·사회·무너지다·민주주의
1367,박진영·정츤수·넷플리스·111·화살촉
1368,운동·518·99·90·확립
1369,체코·프라하·eu·캐가·바비쉬
1370,근대·자본주의·민주주의·합리주의·세기
1371,스페이스·지지·3040·선언식·단체
1372,롤즈·차등·규범·자유방임주의·의하다
1373,고령·상관·무슨·진정하다·빼다
1374,성주·사드·찬성·배치·주민
1375,박원순·극우·폭력·조사·과제
1376,안철수·욕망·고생·대통령·줄줄이
1377,열광·직접·대상·개혁·국회
1378,천주교·수도자·사제·검찰·개혁
1379,헌법·유린·민주주의·질서·파괴
1380,군대·어휴·월급·정답·회사
1381,cnn·민심·증거·탄핵·없이
1382,스님·정원·소신공양·49·입적
1383,비판·비난·민주주의·비평·기말
1384,유시민·김인성·파괴자·분쇄기·포렌식
1385,대의원·당원·투표·비중·권리
1386,축하·중국공산당·공산당·주년·100
1387,배은심·어머님·이한열·여사·어머니
1388,서초동·광화문·집회·장덕진·vs
1389,악마·학살·정권·폭압·두목
1390,아프가니스탄·여성·이란·afghanistan·taliban
1391,직격·이낙연·성취·아시아·윤석열
1392,저스티스·자유주의·유진·자유·격언
1393,이문주·추기경·정진석·상영·신부
1394,코로나바이러스·중국공산당·백신·은폐·공산당
1395,노동자·노동·민주주의·직장·주인
1396,양심수·문화제·석방·광화문광장·촛불
1397,오입·사사·철회·민주당·실트
1398,보수·민주주의·최면·이런·바깥
1399,테러·박원순·살해·재판관·협박
1400,감시·bigbrother·southkorea·sns·사찰
1401,현충원·안장·국립묘지·파내다·묘지
1402,부대·태극기·야당·일부·끊임없이
1403,머리끄댕이을·쥐명·네거리·전과·조작
1404,김순·박종철·헌신·국장·경찰관
1405,박진영·매춘·도둑·테러·범죄
1406,중고등학생·윤석열·학생·규탄·복고
1407,전용기·탑승·mbc·한겨레·거부
1408,정청래·이치·초등학생·설명·알다
1409,탈북자·탈북민·광주·운동·민주
1410,불매·일본·운동·국가·민주주의
1411,반민특위·학회·망언·역사·29
1412,직접·민중·민주·주요·정책
1413,이슈·시위·거리·한국·민주주의
1414,최후·보루·조직·깨다·시민
1415,상소문·유교·유생·조선·상소
1416,라이드·조이·윤서인·준열·이춘희
1417,만세·민주주의·김광석·자주·태극기
1418,평화·민주주의·간절히·하루속히·사랑
1419,이기홍·시계·거꾸로·칼럼·돌리다
1420,96·투표소·개표·이행·공약
1421,윤석열·사퇴·자유·선언·사실
1422,개종·강제·증오·유일·조장
1423,언제·민주주의·동의어·쇤베르크·군역
1424,아베·미꾸라지·사임·코로나·일본
1425,ft·등불·치르다·코로나·선거
1426,페스티벌·up·2017·11·오후
1427,슈뢰더·묘지·참배·바치다·생명
1428,도민·경기·이재명·경기도·직접
1429,선거·투표·민주주의·검표·불복
1430,새벽·오다·비틀다·민주주의·겨울
1431,험하다·험난하다·험난·민주주의·멀다
1432,폐간·조선일보·일보·조선·민주주의
1433,재벌·매몰·집착·망령·노동
1434,공소장·민변·변호사·김기춘·목마름
1435,노동·매몰·집착·목소리·잠시
1436,무한·gmw·이애란·탈북·망명
1437,학교·교육·학생·자치·학생회
1438,김종인·정직·황교안·정권·단독
1439,가르침·wp·연기·대선·필요
1440,감사·판사·보루·최후·법원
1441,손혜원·능멸·이하·현상·칼럼
1442,주부·최순실·함부로·올리다·말다
1443,엄정·수사·윤석열·본질·범죄
1444,고양이·생쥐·민주주의·민희·고양
1445,이정모·물고기·칼럼·배우다·민주주의
1446,안희정·돕다·경선·당연·문재인
1447,유학·김정은·스위스·담임·유머
1448,할머니·이용수·윤미향·위안부·김복동
1449,등재·삭제·구성·위원회·개정
1450,금요·참모습·옥중·드루·2018
1451,위원장·성병·김정은·조선·공화국
1452,음모·음모론·아리안·월터·범죄
1453,우파·솟다·들어서다·보수·좌익
1454,빠르다·티베트·위구르·수복·대만
1455,만주·부패·민주주의·차악·악당
1456,김병욱·능멸·민형배·성남·출마
1457,사저·이낙연·욕설·협박·시위
1458,가족부·성평등·여성·전국·저지
1459,savemyanmar·미얀마·prayformyanmar·savemyanmardemocracy·응원
1460,신평·적격자·대깨·캠프·법학자
1461,교보빌딩·집회·행진·안내·차로
1462,바이러스·이기다·필요·국가·민주주의
1463,교과서·황당·황교안·하다·빼다
1464,김정자·사모·사단·ai·윤석열
1465,괴물·부정·선거·당선자·미국
1466,미투·운동·문제·여성·민주주의
1467,골인·gg·걸리버·비트코인·폭락
1468,감다·단결·이재명·적폐·후보
1469,진중권·발끈·그러니·윤석열·운동
1470,자유·윤석열·민주주의·주장·헌법
1471,카톳·애무·페깅·쉬메일·페니
1472,노화·질병·원로원·예방·연구
1473,자유·민주주의·빠지다·빼다·도리
1474,피터슨·부인·참상·광주·질책
1475,tv·김문수·타운·문재인·youtube
1476,zip·비속어·학계·파문·mbc
1477,우경·2006·예언·공짜·강연
1478,양승태·강간·매국노·피의자·무너트린
1479,에버트·재단·프리드리히·독일·생동
1480,유세·촛불·이재명·사회대·청계광장
1481,우주·개발·편익·테크노피아·인공지능
1482,독재·정부·민주주의·집단·권력
1483,푸다·수단·죽이다·독재·폴란드
1484,live·민생·오직·지키다·youtube
1485,페미니스트·여성·해리스·부통령·광화문광장
1486,태극기·태극·민주주의·대한민국·자유
1487,복합체·미국·침해·군산·민주주의
1488,차악·최악·최선·선거·뽑다
1489,국민·민주주의·낼름·국회·국회의원
1490,국민의당·파괴·민주주의·조작·반성
1491,임애순·nvey·주인공·염병·특검
1492,문재인·가짜·무효·19·대선
1493,사회·평화·친화·안정·정착
1494,마산·성지·부림·아수라장·충돌
1495,왜구·민주주의·친일·사건·뿌리
1496,증거·탄핵·민심·없이·서다
1497,정유라·덴마크·송환·한국·귀국
1498,119·광주·구하다·변호사·문재인
1499,북한·살다·가다·좋다·민주주의
1500,김선동·민중연합당·보안법·청산·인권
1501,잡초·퇴비·농사·과수원·화분
1502,한상혁·방통위원장·정보·의도·거짓
1503,해소·모으다·달라다·평등·대통령
1504,행정부·여정·문정인·메시지·특보
1505,감옥·송영길·희생·출신·저희
1506,정은이·정은·민주주의·죽이다·김정은
1507,민주주의·대통령·문재인·자존감·정동영
1508,김삼웅·사제단·천주교·신부·ohmynews
1509,폴란드·막후·집권·무너지다·벨로루시
1510,민주주의·진표·아직·독재·친일
1511,nyt·진화·젊다·탄핵·박근혜
1512,반장·학급·전교·회장·담임
1513,희망·민주주의·필립스·시냇물·언빌리버블
1514,촛불·민주주의·전환점·광장·시민
1515,차별·금지법·제정·차별금지법·사회
1516,곽상도·대필·유서·강기훈·검사
1517,야당·안철수·자제·겨냥·논쟁
1518,인권·민주주의·인간·적자생존·있다
1519,싸움·세력·정서·민주주의·정치
1520,역사·민주주의·2관왕·관왕·일단락
1521,캘리포니아·공화국·민주주의·바하·미국
1522,슘페터·자본주의·사회주의·민주주의·요제프
1523,참여연대·연대·참여·단체·회원
1524,개고기·먹다·동물·식용·금지
1525,최성·김대중·특강·뉴욕·해법
1526,신조·복무·자유·빼다·민주주의
1527,광주·민주주의·memorial·진실·시민
1528,평등·만인·민주주의·치과·사회
1529,선관위·용납·저지르다·도대체·사라지다
1530,이낙연·승복·이재명·안타깝다·위배
1531,만만·만세·민주주의·즐쳐드셈·알띠딸
1532,최배근·live·방역·tv·경제
1533,득표·무효·어긋나다·이낙연·사퇴
1534,김세의·feat·실시간·페이스북·근본
1535,홍석현·디지털·회장·만들다·국가
1536,해지·김경수·깨다·02·5505
1537,개혁·민주주의·정치·변화·시대
1538,오피·월미도·부평·알바·적금
1539,공무원·서명·개헌·국민투표법·동원
1540,서명·ks·용지·이슬람·자국민
1541,외국인·투표·영주권자·중국인·주다
1542,계급·잇닿다·미사여구·파멸·설정
1543,사실·허위·민주주의·떠들다·호도
1544,지키다·자유·길잡이·안보·끄다
1545,미국·자유·민주주의·청교도·일념
1546,알림·오마이뉴스·기사·유창·정식
1547,명언·중앙·선관위·관리·위원회
1548,창조주·자유·본체·거짓말·55
1549,자유·투표·대한민국·민주주의·투표장
1550,변주·언어·가로막다·무한·일상
1551,자유·민주주의·살다·속이다·적당히
1552,자유·삭제·잔재·민주주의·racist
1553,푸른·자유·규탄·문재인·닷컴
1554,사법부·양승태·사법·법원·판사
1555,함몰·복수·내전·시계·거꾸로
1556,귀족·신분·양반·생각·민주주의
1557,한국당·인재·예비·영입·예비선거
1558,야당·구케으언·정당·해산·청구
1559,고영태·최순실·연대·고발·수호
1560,아시아·동아시아·민주주의·한국·가장
1561,자랑·스럽·대한민국·민주주의·조국
1562,악법·좌파·법안·자유·민주주의
1563,통합진보당·해산·회복·적폐·명예
1564,방북·소동·비위·신현수·색출
1565,경상북도·강간·전두환·씨발·썩다
1566,프레드·중국·개입·kcpac·플레이츠
1567,경찰·중앙·지방·아부·출세
1568,백선엽·장군·영웅·국무부·자유
1569,미국·동맹·한미·자유·관계
1570,종교·자유·국가·나라·있다
1571,박대출·사그라지다·삭발·불씨·깎다
1572,실성·설훈·이순자·망언·아버지
1573,이순자·아버지·전두환·망언·설훈
1574,이재명·재판·사법부·지사·판결
1575,엄마·얘기·통화·민주주의·듣다
1576,장제원·광주·잊다·눈물·흘리다
1577,민주주의·추종·국가·인간·demokurashi
1578,기일·기뻐하다·조선민주주의인민공화국·오늘·말다
1579,ft·빛나다·자랑·위기·스럽
1580,메이지·150·아베·유신·아시아
1581,원로·쓴소리·잇달다·정계·조국
1582,amp·39·dark·nagano·quot
1583,가짜·뉴스·어둡다·원인·근본
1584,독일·코로나·통행금지·금지령·논쟁
1585,승리·밝다·골짜기·레지스탕스·민주주의
1586,김수영·생각·코로나·다른·다음
1587,김인성·포렌식·분쇄기·유시민·드루킹
1588,대통령·민주주의·어버이·절차·직선
1589,근황·일본·민주·jpg·테크타네
1590,10·후퇴·민주주의·박근혜·진법
1591,정경·교수·석방·억울·요건
1592,중고교·시안·집필·삭제·교과서
1593,캐나다·노르웨이·지수·호주·스웨덴
1594,재건·독립·임시·조선·신탁
1595,위헌·삭제·합법·한반도·유일
1596,모의·덮다·연루·전복·쿠데타
1597,죽다·민주주의·구절·버리다·블레이블루
1598,덜레스·르포·성토·공항·트럼프
1599,공영·노인·방송·승리·나라
1600,일본·내각·다이묘·세습·민주주의
1601,대선·민주주의·스트레스·대통령·조절
1602,자유한국당·자유·김문수·수호·우파
1603,이북·체육·미사일·도민·실향민
1604,만세·민주주의·트리오·로켓·개새
1605,공정위·김상조·기업·경제·공정
1606,포퓰리즘·민주주의·한상원·정치학·포럼
1607,가족부·여성·폐지·규탄·전국
1608,비대위·언어도단·전당·변경·반발
1609,엄단·당선인·가리다·위협·없이
1610,싫다·민주주의·그리도·짐승·영석
1611,김진표·과세·종교인·정부·냉혹하다
1612,조선·문재인·공화국·인민·남조선
1613,조성주·아카데미·시사·싫다·잔향
1614,화두·통합·경제·10·사회
1615,성취·이낙연·수사·적폐·윤석열
1616,전당·창원시·창원·건립·공모
1617,배은심·별세·이한열·모친·어머니
1618,자유·민주주의·코코페·여조·자유민주주의
1619,응징·반드시·위협·국가·자유
1620,이재명·불알·범죄자·징역·무기
1621,공항·가덕도·제주·국토부·민주주의
1622,박근혜·탄핵·신계륜·회복·민주주의
1623,절차·승복·공정·결과·정당
1624,기도회·주술·시국·기독교·비선
1625,저지선·마지막·후퇴·윤석열·신동아
1626,권성동·원내·당헌·대행·대표
1627,원근법·김호기·민주·민주주의·오피니언
1628,대법원장·김명수·판결·가결·민주주의
1629,뺏기다·조심·남자·민주·비밀
1630,에너지·태양광·전환·햇빛·민주주의
1631,일사천리·싸늘·공수처·20·처리
1632,교과서·빼다·jpg·자유·바뀌다
1633,캐나다·순방·강화·종합·연대
1634,youtube·공유·자유·아틀란타·수호
1635,구속·선고·조작·유죄·드루킹
1636,혁신위·혁신·자유한국당·폄훼·광장
1637,가족부·폐지·여성·여가부·평등
1638,직감·은밀·날짜·일본인·진압
1639,민주주의·끝나다·오늘·갸륽에몽이·개혁
1640,중국·공산당·중공·국가·대한민국
1641,무너지다·한국·말다·민주주의·51766
1642,주부·그램·직장인·알바·모집
1643,민주주의·식탁·푸드·햇반·반다
1644,28·민주운동·운동·기념식·기념일
1645,쇼핑·트위터·조끼·코로나·블루
1646,수색·압수·유례없다·독재·탄압
1647,재일·김무성·헌법·개정안·발의
1648,깨알·사찰·첫해·방문객·봉하마을
1649,뜯어먹다·당하다·무슨·소리·독재
1650,임종석·최재형·공천·예의·철회
1651,피습·송영길·테러·대통령·있다
1652,걸리버·금요·1부·코로나·궐기
1653,jb·천기·126·김종배·박지훈
1654,진구·논설위원·동아닷컴·정권·파괴
1655,항쟁·주년·10·후퇴·대통령
1656,chogabje·최후·자유·공유·째깍
1657,추미애·드루·일당·규정·루킹
1658,제명·차명진·부글부글·재심·낙선운동
1659,반항·품격·손석희·앵커·노예
1660,해임안·박진·정진석·강행·처리
1661,사법부·행정부·카르텔·삼권·분립
1662,승복·경선·민주주의·기본·깨끗이
1663,이것·기이·59·전라도·usb
1664,서구·민주주의·집권·오스트레일리아·교인
1665,샌더스·버니·힐러리·민주주의·dsa
1666,구형·공천·징역·항소심·개입
1667,겨냥·반지성주의·민주당·위기·지성
1668,특검·조정훈·김건희·장경·수사
1669,처음·듣다·민주주의·생전·첨듣네오
1670,보루·깨다·노무현·조직·최후
1671,사회주의·자유·함께·있다·민주주의
1672,팬덤·반지성주의·칼럼·정치·민주주의
1673,페미니즘·없이·huffpostkorea·민주주의·시선
1674,최영미·거룩·내뱉다·이여·단어
1675,파면·단계·성숙·뽑다·국민
1676,김관용·경북·헌재·승복·수용
1677,국민·민주주의·진창·견찰·발음
1678,탄핵·기각·판결·절차·민주주의
1679,양향자·손학규·nvey·보시다·패권
1680,사회·민주주의·타인·자유·자기
1681,otn·총선·15·심포·한국
1682,내란·민주주의·내란죄·관영·처벌
1683,자다·민주주의·맥주·잠자다·괴롭다
1684,시민주권·길다·촛불·nvey·쟁취
1685,윤석열·민주주의·장애·국민·자유
1686,별별·특강·04·2019·독재
1687,자유·민주주의·국가·풍경·아니다
1688,그곳·성지·대한민국·민주·민주주의
1689,답방·태영호·학습·김정은·기회
1690,하명·현대판·15·부정·선거
1691,피해·기분·혐오·민주주의·당신
1692,양성평등·캐나다·분야·제시·협력
1693,자유·민주주의·온건·공기·제한
1694,희평·민주주의·불바다·jpg·불태우다
1695,공산당·멸공·자유·핵심·발작
1696,문무일·강원랜드·수사단·이견·질책
1697,해킹·해커·qr·야바위·민주주의
1698,물가·오르다·서민·민주주의·사회
1699,올림픽·아이스하키·단일팀·평창·평양
1700,고조선·김상태·논쟁·역사학·사학자
1701,기록·광장·새롭다·촛불·만드다
1702,자유·김정은·민주주의·북한·뭉빨
1703,마중·돌아오다·나가다·살다·민주주의
1704,부처·깎다·저스티스·민주주의·보지
1705,타락·촛불·정부·민주주의·어떻다
1706,바라다·민주주의·버티다·부디·이루다
1707,국민의당·사과·무시·서면·질의
1708,재벌·개혁·광장·요구·체제
1709,소비자·민주주의·소비·중시·결제
1710,모순·예언·자본주의·공산주의·스스로
1711,대학·캠퍼스·입학·해법·복원
1712,레오·정답·23·무너지다·알리다
1713,문체부·문화·물의·풍자·관광부
1714,독재·민주주의·정권·길들이다·독재자
1715,악마·대권·추미애·던지다·마귀
1716,직행·대권·악마·추미애·최강
1717,낙선운동·홍종학·우상호·지시·정면
1718,노인·투표·민주주의·박탈·60
1719,wp·극찬·뉴스1·당선·위기
1720,첫날·굳건하다·동맹·한미·마무리
1721,당사·수색·압수·탄압·검찰
1722,43·부마·피격·서해·주년
1723,인정·조선민주주의인민공화국·독립국·유엔·회원국
1724,새겨듣다·국방부·nvey·존경·한국인
1725,미얀마·응원·지지·민주주의·닮다
1726,npk·법치·연대·von·자유민주주의
1727,접종·백신·가짜·뉴스·부추기다
1728,운동·민주·수입·이념·외국
1729,거짓말·주권자·나쁘다·쟁이·정치
1730,2022·대통령·선거·대한민국·파이널
1731,변희재·징후·타운·붕괴·구속
1732,코드·인사·낙하산·민주주의·김동욱
1733,기도·교회·자유·하나님·지키다
1734,고든·야동·문재인·몽골·무료
1735,축제·선거·민주주의·폭군·소마
1736,적폐·카르텔·토왜·국민·농단
1737,통합·미래·자유·민주주의·보수
1738,복지·부자·국가·민주주의·선별
1739,청원·타락·페북·부추기다·나경원
1740,마을·평사·시위·자유·집회
1741,자유·민주주의·국가·마음대로·우리나라
1742,오피·건오·음용·춘분·수익
1743,넥타이·부활·부대·광장·만세
1744,문재인·자유·헌법·명령·국가
1745,추미애·장관·법무·검찰·아들
1746,정개특위·개혁·심상정·선거·제도
1747,자유·npasserby·우파·대한민국·중도
1748,무섭다·민주주의·이렇다·가련·역병
1749,석방·박근혜·대통령·자유·대한민국
1750,학생·나서다·자리·목소리·싶다
1751,골프장·강제·수용·뺏다·토지
1752,빅터·고립·스스로·한국·국가
1753,삼성·광고·공적·중단·언론
1754,성경륭·이정우·김종민·진단·live
1755,통일·연방·장성민·미국식·자유
1756,무례·다소곳·예의·상대·소탈
1757,민변·변호사·대한변협·불통·민주주의
1758,대의·민주당·홍영표·야당·패스트
1759,타오르다·37·주년·18·민중
1760,상공인·자영업자·카드·세금·지급
1761,김민·목사·추미애·옳다·역시
1762,20·민주주의·주년·시민·물갈이
1763,공화주의·공화정·민주주의·공화당·케찰코와
1764,간첩·북한·고든·에이전트·agent
1765,저스티스·의의저스티스·대화·민주주의·타협
1766,주주·주식회사·민주주의·주총·경영
1767,효력·신청·정지·이낙연·지지자
1768,10·지정·국경일·민주주의·운명
1769,더불어민주당·해체·집합체·자유·범죄
1770,박상훈·군주정·행태·강조·직접
1771,mb·이재명·사찰·트리·조사
1772,무시·기본·투표·일본·투표무시
1773,민주주의·진짜·판결요지·템퍼베게·야옹냐
1774,종북·빨갱이·민주주의·자유·색출
1775,박사모·계엄령·내란·선동·폭력
1776,탄핵·신호·진화·nyt·대통령
1777,정봉주·tistory·이야기·품격·전체
1778,뉴라이트·자유·친일파·민주주의·부활
1779,통합·당원·안철수·국민의당·투표
1780,김영환·여배우·역풍·스캔들·제기
1781,모르다·민주주의·서양·1987·노래
1782,젤렌스키·투자·자선·안보·지원
1783,포퓰리즘·칼럼·망치다·민주주의·대학신문
1784,진흥·단체·ned·재단·127
1785,거룩·반복·바치다·목숨·희생
1786,저스티스·의의저스티스·스윙·민주주의·랭킹
1787,민주주의·반니·개검공퐈·니드을·홍컹
1788,성스럽다·복무·선민·현역병·다빨
1789,반란·외국·촛불·언론·민주주의
1790,디지털·규범·추방·가짜·뉴스
1791,06·live·중계·검찰청·사망
1792,ys·dj·아들·지지·함께
1793,대사·해리스·주한·사령관·해리
1794,니체·극장·ebook·알라딘·반민주주의
1795,수단·sudan·군부·protest·규탄
1796,찍다·유권자·후보·선거·민주주의
1797,역시·민주주의·민주주의만렙·와씨·체코
1798,토론·민주주의·덕성·맞닿다·이죠
1799,유시민·족집게·과외·최순실·김경준
1800,다행·대통령·동력·정부·시즌
1801,최신·발행·ytn·일시·뉴스
1802,민주주의·치킨·공주·덩어리·씹쌔끼
1803,여전·과제·이뤄·경제·사회
1804,댓글·국정원·부대·조작·민주주의
1805,아들·워싱턴대·시험·조지·과목
1806,사우디·카슈끄지·미국·민주주의·왕조
1807,징계·김종민·팔아먹다·역적·위원
1808,친노·노무현·민주주의·패권·이익
1809,huawei·선관위·수출·응징·중앙
1810,교실·선거·선관위·운영·대상
1811,레포트·인문·전자민주주의·전자·사회
1812,과정·결정·심의·토론·참여
1813,조롱·시위·익살·거리·86
1814,개종·강제·민주주의·감금·국가
1815,주호영·비통·사찰·울진·파괴
1816,민경욱·회견·유린·밝히다·기자
1817,인간·민주주의·세상·사회·발기
1818,이코노미스트·지수·민주주의·영국·발표
1819,문자·손혜원·지평·폭탄·행동
1820,북한·종북·민주주의·자유·가다
1821,독재자·선출·위협·일침·민주주의
1822,황교안·인민·빠지다·민주주의·가능
1823,평화·평창·한반도·교황·올림픽
1824,감사·민주주의·스다·살다·국가
1825,진보·정통·진보주의·민주주의·증언자
1826,물리·민주주의·실버·유럽연합·메모
1827,피드백·많다·오렌지·공산주의·망치
1828,항쟁·31·주년·10·기념식
1829,부엉이·멤버·모임·신현수·수석
1830,취임사·재건·자유·35·나라
1831,장경동·다수결·목사·설교·이명박
1832,독재·나라·민주주의·국가·생각
1833,대학·협의회·민대협·남조선·자주
1834,자유·대한민국·국가·민주주의·염라
1835,현송월·김천·물망·몸살·앓다
1836,여가·시간·민주주의·많다·필요
1837,책임·자유·민주주의·책임지다·무한
1838,집회·광화문·촛불·관제·모이다
1839,국민·주인·국가·민주주의·나라
1840,오점·지검·의회·검찰청·통과
1841,제다이·시스·포스·다크·사이드
1842,시론·문화일보·위험·직접·문재인
1843,지도자·민주주의·국가·국민·리더
1844,화형·릴레이·김정·자유·대한민국
1845,사노맹·조국·독재·민주주의·봉기
1846,조선·조선식·민주주의·습식·반건조
1847,불매·운동·소비자·기업·점주
1848,아이·가르치다·조회·가리다·이렇다
1849,재판소·기운·꿋꿋이·천주교·실현
1850,독일·무능·부패·전문가·정치인
1851,민주주의·생각·먹다·묘비명·죄래
1852,이상민·민주당·의원·지금·오입
1853,한상균·이석기·석방·현수막·광주
1854,예언·전남대·우경·공짜·강연
1855,penn·주도·김경수·소득·27
1856,공산주의·민주주의·사뢰주의·까야찢·멍청
1857,한미정상회담·공감대·회담·넓다·단독
1858,참전·11·용사·유엔·추모
1859,이재용·부회장·기각·영장·구속
1860,스위스·국민·직접·중대사·채택
1861,출마·입법·금지·쿠데타·윤석열
1862,기무사·전복·흡족·문건·뒤집기
1863,자외선·차단·크림·사용법·햇볕
1864,러시아·중국·빅딜·의회·국가
1865,외로움·두려움·혐오·위협·민주주의
1866,조정환·절대·민주주의·다중·갈무리
1867,꼴페미화·대안·현대·이유·민주주의
1868,박원순·고소하다·미래·이명박·고소
1869,별책·부록·레오·24·포함
1870,상호주의·외국인·개편·이슈·vs
1871,정당·민주주의·공학·선거·당댚을
1872,바른정당·정당·민주주의·최순실·그나마
1873,운집·집회·주년·촛불·광화문
1874,기각·헌재·승복·탄핵·이재명
1875,cnn·성숙·even·탄핵·younger
1876,상관없다·상관·퓨러·민주주의·바이러스
1877,성인·성인물·포르노그래피·성매매·나라
1878,헝가리·eu·유럽의회·오르반·민주주의
1879,통일부·통일·장관·북괴·자유
1880,일상·민주주의·생활·일제히·여권
1881,민주당·만들다·정부·윤석열·국민주권
1882,질식·취임·이재명·100·몰두
1883,빙자·보수·청산·훼손·적폐
1884,행진곡·상징·세계·공감·민주주의
1885,투표·사퇴·민주주의·후보·투표자
1886,cnn·증거·탄핵·없이·서다
1887,경제민주주의·도전·항쟁·30·주년
1888,서포·황장수·포퓰리즘·09·08
1889,라인하르트·제국·로이·엽색·대천사
1890,좆불지롤·문죄·남조선·들창·죄명
1891,소로스·조지·소르스·민주주의·키드
1892,수박·간신·역사·퇴행·새끼
1893,고창·미주·연대·수호·북한군
1894,강신주·벙커·철학박사·프로젝트·빌딩
1895,양심수·한상균·이석기·둔갑·뉴데일리
1896,린츠·민주주의자·후안·확신·최장집
1897,사과·날씨·여의도·대통령·환담
1898,포럼·지배·문화일보·도구·독점
1899,토크콘서트·양정철·유시민·김어준·노무현
1900,서울시장·빈틈·완수·온전·교체
1901,자유·민주주의·긋다·한계·빠지다
1902,트랙·패스트·공수처·음모·저지
1903,민주주의·gae·배틀·눌다·옶음
1904,검찰·개혁·없이·민주주의·ldquo
1905,이재명·과태료·증액·토론·수술실
1906,딴생각·양보·배려·키르기즈·간접
1907,시험·공부·민주주의·뭉개다·뽑다
1908,박진·당국자·광우병·사태·너무
1909,산타·선물·할아버지·크리스마스·민주주의
1910,리더십·유형·리더·목표·능력
1911,네포티즘·김형준·deep·read·이중
1912,공산주의·국가·민주주의·여기·문빠아닙
1913,태극기·애국·국기·상징·대한민국
1914,승복·경선·않다·당내·망치다
1915,최후통첩·투수·구원·서초동·등장
1916,정음·한글·세종·용비어천가·훈민정음
1917,유권자·선거·관리·위원회·중앙
1918,혁명·민주주의·국룰·디쓰이즈디모크라쒸·kijul
1919,대구·깨우다·외침·학생·대통령
1920,민주주의·역사·죽음·파노라마·장대
1921,정자·전체주의·홍위병·나찌·인권
1922,끝장나다·경험·어떻게·진중권·조국
1923,한국당·죽다·가결·선포·오늘
1924,천주교·카톨릭·가톨릭·종교·사제
1925,dna·공의·대체·일관·열정
1926,저력·전남·갓재·리틀·폭풍
1927,눈빛·성명·들리다·공식·해석
1928,정용진·멸공·자유·공산주의자·공산주의
1929,박근혜·집회·부탁·고마워요·퇴진
1930,중대·범죄·근간·민주주의·뒤흔들다
1931,타오르다·잇다·촛불·다시·18
1932,응수·학생·boon·에게서·옳다
1933,박지현·청년·평등·주제·강연
1934,하늘·빗발치다·헬리콥터·민주주의·창간
1935,대충·과자·drinking·거어어언·border
1936,계양·인천·이재명·구민·민주주의
1937,스톡·음용·오피·보이·월미도
1938,눈물·훔치다·다짐·회복·문재인
1939,비율·안목·잉글하트·정비례·별나다
1940,깨어나다·민중·서다·인천·바로
1941,첵스·켈로그·파맛·출시·차카
1942,김진애·법사위·의결·제압·아냐
1943,뮤지컬·광주·브로드웨이·쇼케이스·관객
1944,심층·내외·실종·휘둘리다·기획
1945,국힘당에·호통·양도·법사위원장·이낙연
1946,그녀·태국·가족·지지·독재자
1947,타전·외신·긴급·탄핵·박근혜
1948,대표·민주주의·당원·고소·당직자
1949,586·사명·완수·퇴장·거의
1950,홍세화·걸림돌·임금·대통령·민주주의
1951,vectorius·허준영·간절·retweeted·많다
1952,성평등·윤석열·정부·여가부·규탄
1953,방어망·작정·특검·해체·chogabje
1954,화두·오바마·퇴임·boon·보루
1955,퇴보·말살·법치·윤석열·수사
1956,1987·항쟁·재벌·민주주의·직선
1957,반지성주의·윤석열·원인·위기·취임사
1958,시흥시·주간·미얀마·응원·선포
1959,언론·윤석열·지상파·김건·이재명
1960,박찬종·여의도·긴급·youtube·사망
1961,oecd·선언문·채택·구축·강화
1962,몽골·총리·기시다·양국·접견
1963,180·통합·닫다·박형준·저지선
1964,신계륜·코로나·이사장·이기다·촛불
1965,냉무·nvey·굉장히·속보·28
1966,wp·보여주다·코로나·싸움·19
1967,노사모·보루·조직·최후·총회
1968,재판관·헌재·인용·결정·탄핵
1969,먹이다·민주주의·같이·가치·질문
1970,세계자유민주연맹·유동균·마포구청장·유장·수상
1971,첨단·산업·가능·없이·속보
1972,검찰·금태섭·기대다·맡기다·사회
1973,있다·민주주의·굳세다·정권·국민
1974,목소리·다물다·혼자·살아가다·있다
1975,손학규·안철수·국민의당·마라톤·은퇴
1976,국민·대표자·민주주의·필요·정치인
1977,김용·시선집중·천만·뽑히다·당선
1978,직장·경제·진짜·민주·다음
1979,기관·장악·민주당·권력·지키다
1980,공수처·윤영·19·2019·youtube
1981,사과·윤석열·탄핵·위협·부정
1982,헌법·최순실·이승열·이경재·염병
1983,호주·불법·회계사·주차·때리다
1984,도둑·훔치다·세금·재산·국민
1985,복지·사회·보편·보장·제도
1986,자유총연맹·보수·단체·최대·활동
1987,wsj·구민·당선·태영호·강남스타일
1988,민주주의·님씨·아녜요·작업장·잭슨
1989,관료주의·공산주의·바로·민주주의·중기이코노미
1990,문재인·자유·대한민국·민주주의·정통
1991,청와대·실세·집중·권한·정부
1992,그립다·민주주의·시대·마감·쌓이다
1993,장벽·류근일·공론장·쌓다·동아닷컴
1994,노예·주권·넘기다·선거·대의
1995,교사·파머·파커·언급·세우다
1996,라이더·역시·좋다·민주주의·배구
1997,도지사·도민·지사·민주주의·추종자
1998,노조·삼성·금속·프락치·금속노조
1999,100·민주주의·투표·앗싸라비요·마더로씨아
2000,선거·허위·후보자·공직·공표
2001,전라·군중·무식·집회·공화국
2002,세로드립·불타·청춘·sbs·위대
2003,능력주의·능력·평등·사회·공정
2004,이재명·감옥·김혜경·찢어지다·출당
2005,공산당·민주주의·임마·국가·찍다
2006,참사·살균제·가습기·세월호·규명
2007,광주·18·가꾸다·39·함께
2008,선거·19·투표·재외·대통령
2009,지휘·통제·총장·수사·불가피
2010,노무현·봉하마을·대통령·남기다·숙제
2011,약혐·이라크·jpg·민주주의·마이너
2012,현충일·총출동·규탄·우파·단체
2013,교육·설훈·젠더·손해·아냐
2014,깨다·의식·지키다·시민·민주주의
2015,한승헌·변호사·고인·명복·빌다
2016,이기홍·집착·삭제·내일·오늘
2017,사망·민주주의·대한민국·선고·대한페미
2018,평양·인사·90·대통령·시민
2019,조현오·경찰·임무·경찰청장·본연
2020,후퇴·민주주의·퇴행·퇴보·줄이다
2021,김민전·검표·선대위·후퇴·총선
2022,항쟁·개최·기념·토론회·민주화운동기념사업회
2023,식민지·제국주의·성장·경제·국가
2024,남산·시절·박정희·패다·민주주의
2025,앤서니·연구원·재단·선임·루지
2026,유공자·재소자·피해자·까닭·약산
2027,트럼프·미국·공화당·지지자·민주주의
2028,장준하·선생·등불·민주주의·42
2029,불통·부모·2030·한글날·집회
2030,홍콩·반환·주년·20·행진
2031,이뤄낸·통합·추미애·동지·제안
2032,일본·민주주의·마르다·죽다·전후
2033,절대·민주주의·용납·용서·오세훈
2034,의심·민주주의·국가·이것·나라
2035,민주주의·한국인·매사·보수주의·사치
2036,kt·회사·보복·철저·직원
2037,척결·훈훈·내치·퇴화·이문
2038,후원금·정치·기부·선관위·기탁금
2039,전파·민주주의·어쓰·브람스·뽈갱쓰
2040,기생충·기생·페스트균·위암·먹다
2041,민족·민주주의·독립·노력·한국
2042,정우택·교섭·연설·포기·수호
2043,신기욱·석학·재미·아이러니·후퇴
2044,어느·중요·먼저·youtube·자유
2045,규제·자유·개인·국책·책임
2046,고영태·치정·신동욱·체포·코미디
2047,심재철·유례없다·헌정사·수색·압수
2048,사과·국민·민주주의·미안·교도
2049,18·특별법·전남대·김재호·교수
2050,규칙·원칙·게임·가치·비로소
2051,손학규·김수미·단식·타오르다·불꽃
2052,평등·조건·민주주의·공평·이데아
2053,만화·운동·창비·민주·민주화운동기념사업회
2054,강물·바다·흐르다·방울·폭포
2055,eiu·순위·21·한국·세계
2056,사면·주권자·예의·뽑다·시르
2057,냉전·김누리·주적·읽기·체제
2058,미국·흰둥이·나라·민주주의·인종
2059,좌좀·모르다·민주주의·사이비·난리
2060,바람직하다·적응·새롭다·준비·어차피
2061,쥐다·괘씸하다·코멘터리·유용·살인자
2062,바이든·시진핑·민주주의·뉴스·글자
2063,황교안·단식·한국당·대표·민주주의
2064,축소·불만·낳다·예산·민주주의
2065,허물다·조갑제·체제·냉전·반공
2066,정당·미래한국·떴다방·한선교·패망
2067,반대·ks·서명·이슬람·동성애
2068,위기·당신·헤치다·죽다·노무현
2069,안철수·폭거·언론·침묵·짓밟다
2070,후지이·다케시·읽기·파괴·선거
2071,쓴맛·민주주의·마법·2030·독재
2072,교과서·삭제·헌법·나오다·홍콩
2073,단임·대통령·중임·연임·민주주의
2074,인민·민주주의·자유·민주주으·석이
2075,훈장·무궁화·수여·정부·문재인
2076,중임·광복·88·64·61
2077,과오·항쟁·시간·흘러가다·민주주의
2078,방북·세밀·2부·조율·귀국
2079,청문회·쏟다·사설·우려·군사
2080,완전히·우파·개념·좌파·다르다
2081,자유·법치·으어·민주주의·국가
2082,트럼프·선거·부정·대통령·밝히다
2083,김진태·민주주의·눈물겹다·친박·일개
2084,직접·민중·대의·주권자·민주주의
2085,독재·정권·군사·민주주의·전두환
2086,괴물·테러·두렵다·사설·운동
2087,고든·원수·김정은·gordon·chang
2088,투쟁·주호영·홍문표·통합·조해진
2089,북송·강제·인권·국제·정부
2090,국민·정부·배려·민주주의·청산
2091,김용·홍성·예산·내포·발전
2092,산물·노력·법사·위원장·야당
2093,가지·포스터·갈채·다양·하나
2094,떡볶이·조국·권력자·부패·파괴자
2095,리퍼트·주한·대사·작동·건강
2096,서로·호기심·들려주다·견디다·교훈
2097,디플로마·티크·르몽드·회원·가입
2098,트루스·황성·서울대·아카데미·강연
2099,댓글·국정원·조작·민주주의·부정
2100,노무현·시민·센터·개관·공간
2101,레사·마리아·평화상·노벨·소셜
2102,장정일·칼럼·당신·민주주의·리그
2103,민주화운동기념사업회·kdf·남영동·포럼·발간
2104,빨다·빨갱·민주주의·빨갛다·좌익
2105,가로막히다·헌법·경찰·실업·절규
2106,귀감·되새기다·영웅·정신·18
2107,dao·블록체인·분산·ainet·decentralized
2108,민주주의·있다·쉽다·권력·권리
2109,개혁·검찰·빅딜·김인·협의체
2110,fbi·트럼프·매케이브·코미·해임
2111,지구·중국·만드다·국가·마법소녀
2112,슬로·댕기다·촛불·분노·뉴스
2113,문프·대통령·민주주의·업적·생각
2114,조성식·어퍼컷·황운하·출격·검찰
2115,동아시아·아시아·민주주의·한국·마데
2116,해방·자유·공산주의·국가·전쟁
2117,그리스도인·종교·동영상·의무·개혁
2118,아버지·망언·영웅·계속·나라
2119,반도체·공장·바이든·최대·질문
2120,교과서·자유·역사·교육·좌파
2121,김병주·핫스팟·조급증·정호·역행
2122,신분·사회·센스·유진이·살다
2123,공포정치·질식·남용·윤석열·이재명
2124,배우다·지식인·민주주의·지식·무식
2125,포털·빅브러더·실검·공룡·감시
2126,웃음·민주주의·웃다·이대·같이
2127,1948·선언문·건국·혁신·위험
2128,190405·안전사고·youtube·문재인·싸구려
2129,자유·국면·위기·민주주의·직면
2130,2025·중등·성평등·교육·제외
2131,이재오·mbc·횡포·배제·먹다
2132,서거·주기·김영삼·묘역·참배
2133,윤창중·부산역·광란·주동자·연설
2134,조찬·기도회·가르침·예수·참석
2135,개혁·국민의당·다당·개헌·천정배
2136,임애순·patriamea·nvey·주인공·염병
2137,파시스트·모르다·무리·불당·민주주의
2138,당연·민주주의·넝담·피갑·자연
2139,정두언·지시·감사·대통령·알다
2140,괴물·독점·목소리·깨다·경향신문
2141,박원순·피해자·시장·여성·인권
2142,노무현·봉하마을·민주주의·쌍방향·대통령
2143,민주당·후보·도덕·발상·가치
2144,탈레반·이슬람·아프간·통치·ytn
2145,대의·민주주의·호드·side·effect
2146,참여·민주주의·자발·부탁·행복
2147,구미·폭력·폭언·구미시·문재인
2148,파주·민주당·이낙연·경기도·당원
2149,합병·긍정·승인·영향·이재명
2150,이순자·남편·아버지·외면·사과
2151,이재명·게시판·당원·폐쇄·항의
2152,재앙·정권·민주주의·파괴·공대천
2153,분권·김부겸·지방·풀뿌리·장관
2154,토론·윤석열·반장·무용·선거
2155,문재인·김정은·사형·빨갱이·자유
2156,최장집·작심·중앙일보·전체주의·비판
2157,김이수·해산·통진당·우려·소장
2158,한국·동맹·중국·미국·한미일
2159,평등·경제·위협·민주주의·소득
2160,성남·아이·눈물·흘리다·이상
2161,특검·민주주의·김동철·바르다·대한민국
2162,단단·넓다·깊다·대통령·문재인
2163,민주주의·잎유루즈게임옵뜨론즈·써시·네드·유다이
2164,야당·협치·여당·과반·180
2165,쏘다·김일성·주사파·주체·죽이다
2166,교장·실종·문명·뉴데일리·광장
2167,논리·민주주의·무례·구라·지랄
2168,국민·대통령·뽑다·민주주의·혜안
2169,부산·항쟁·30·사업·민주
2170,비리·민주주의·나라·검찰·범죄자
2171,이상일·특례·통일·용인·갖추다
2172,영장·기각·청구·조국·장관
2173,금태섭·징계·소신·민주당·후폭풍
2174,미국·민주주의·위고·대체·한국어
2175,법원·사법·비준·재판·양자택일
2176,르망·가짜·소르망·파리대·체제
2177,치달리다·종소리·종언·울리다·전체주의
2178,전대협·전단·도심·뿌리다·서울
2179,창원·학생회·규명·진상·경남
2180,민주주의·부정·쓰니·오오오·거부
2181,구루프·우회·초월·충돌·원리
2182,인터넷·조직·범죄·여론·조작
2183,의의·민주주의·4273·난개발·물질
2184,워싱턴포스트·기생충·블랙리스트·이기다·승리
2185,인공·지능·ai·인권·안전
2186,연사·김진표·sbs·포럼·의장
2187,포기·민주주의·버리다·헤니투스·차라리
2188,의거·15·마산·창원·거행
2189,규범·성문·관용·상호·자제
2190,평화·전력·국군·아들딸·최고
2191,이인제·불복·경선·이회창·dj
2192,중국·장르·연예인·퍼블리싱·실제로
2193,마음껏·먼저·누리다·여러분·가다
2194,저항·자유·국민·거국·민초
2195,이타·낯섦·수용·다르다·그것
2196,민주주의·이것·개쓰군·쮸압·반품
2197,처칠·윈스턴·반론·평범·유권자
2198,일본·지수·보다·한국·등급
2199,원불교·성직자·천주교·불교·개신교
2200,감사·민주주의·나듭·사칠·애끼다
2201,tmt·장정·선고·부활·영상
2202,플랜·의의·민주주의·주이·민주주이
2203,광고·의뢰자·혜경궁·대응·단호하다
2204,체포·국회의원·특권·면책특권·의원
2205,카페·지기·교체·운영자·아디
2206,산화·굳다·다짐·영웅·의지
2207,가짜·올라타다·극단·뉴스·만들다
2208,여러분·주권자·본질·표어·시민
2209,지원금·재난·미션·지급·복지
2210,수호자·민주주의·서호·검투사·수호천사
2211,민주주의·마르다·preven·beginning·막다
2212,박주민·의원·도움·민주주의·실현
2213,선거인·투표·명부·교부·선거
2214,손혜원·비례·필승·창당·총선
2215,세금·벌다·조세·내다·국가
2216,개념·민주주의·웨뤄운·줭취낸좽이들의·섬놔롸
2217,문빠·손색·훌리건·열광·확신
2218,가르침·한국·올슨·미국인·압박
2219,임애순·주인공·염병·특검·중앙일보
2220,깔딱·우리나라·민주주의·국가·나라
2221,민주주의·경계·맞다·슬림·김보름
2222,토론회·열세·노무현재단·노무현·번째
2223,cumbre·멕시코·de·쿠바·cuba
2224,티셔츠·한국여성단체연합·프로젝트·기념·여성
2225,원탁·시험대·광화문광장·토론회·광장
2226,울산·이준석·합의·황당·발언
2227,하라리·유발·기술·과학·인공
2228,ep·검찰·고비·37·최강
2229,민주주의·건방지다·딱히·의견·짜증
2230,배은심·별세·보답·이한열·여사
2231,사랑침례·정역·설교·동수·도태우
2232,아마츄어·윤석열·이재명·지도자·youtube
2233,적폐·정권·민주주의·도둑·두둔
2234,소독·장갑·비닐·가르침·wp
2235,유진룡·강의·실황·재판·이현
2236,총선·방역·scmp·세계·놀라움
2237,두테르테·단체장·임명·폐지·기초
2238,노동조합·조합·퇴직·가입·노동
2239,청소·쓰레기·민주주의·깔끔히·황태순
2240,촛불·초석·민주주의·집회·서초동
2241,트럼프·민주주의·유산·sarcasm·호호호
2242,민주당·불찰·의결·쪽수·한국당
2243,느리다·여정·재판·2017·완성
2244,청원·국적법·개정안·부탁·반대
2245,구로구·축제·개최·guro·구로
2246,청문회·남래진·증인·청문·국감
2247,무참히·본회의·검수·짓밟히다·통과
2248,박근혜·버리다·자유·지키다·민주주의
2249,전희·망언·쪽발이·왜구·토착
2250,천석·시들다·조용히·칼럼·이렇다
2251,15·팔리다·여성시대·민주주의·아파트
2252,부탄·로드·국왕·도입·쿠뻐
2253,천안함·어뢰·침몰·추진체·이태호
2254,김대중·호남·군수·사회·폭력
2255,아베·일본·장기·신문·집권
2256,광주·대구·달빛·고을·동맹
2257,축하·환영·민주주의·드리다·끄투
2258,시라이시·징용·일본·판결·보복
2259,김제·무효·선거·어르신·85
2260,선거법·유권자·목소리·공정·이름
2261,싸우다·자유·공산주의·지키다·민주주의
2262,팬덤·특위·김한길·통합·극단
2263,뮬란·유역·홍콩·boycottmulan·보이콧
2264,이재용·경제민주주의·법정·21·구속
2265,큐레이션·주간·간절·알바·뉴스
2266,교재·한국사·교육감·서술·전교조
2267,배포·교재·서술·보조·한국사
2268,코로나·선제·방역·19·민주주의
2269,천안문·중국인·중국·시찐핑·vpn
2270,친구·사상·대등·군신·주종
2271,김용태·고위·훼손·절차·책임
2272,민주화운동기념사업회·2022·개최·대상·공모전
2273,그람시·헤게모니·사회·진지전·이론
2274,리거·민주주의·원칙·해결·개랙으
2275,고든·문재인·주사파·연설·전문
2276,간절·알바·만큼·있다·민주주의
2277,이장·자치·충남도·충남·태안군
2278,정치인·지지·비판·민주주의·유권자
2279,석유·배달·미국·민주주의·미얀마
2280,일본·우경·군국주의·김대중·주체
2281,바이든·미국·도람뿌·중공·중국
2282,야스차·뭉크·위험·민주주의·누스바
2283,미국·가난·부자·기축·불구
2284,흠뻑·소나기·젖다·문재인·한국
2285,검수·헌정사·초유·짓밟히다·뉴데일리
2286,나경원·입학·하명·기소·수사
2287,캐나다·트뤼도·트럭커·계좌·동결
2288,세계·대한민국·대국·경제·아관파천
2289,권위·소통·대통령·100·실현
2290,뒷말·팝송·한국인·벌다·노래
2291,사회주의·민주주의·공산주의·사회주의자·락스
2292,culture·pop·주입·빙자·02
2293,윤서인·백남기·유족·윤서·조두순
2294,일본·강권·정치·증오·공포
2295,역도·꾸미다·섬기다·반란·꿈꾸다
2296,통제·불가피·지휘·대표·판단
2297,후원자·계좌·추적·월간조선·태극기
2298,방상훈·신년사·조선일보·가치·지키다
2299,공황·자본주의·경제·세계사·대공황
2300,블록체인·기술·중앙·블록·민주주의
2301,민주주의·배부르다·팔다·먹다·한쪽
2302,16·첵스·스타트업·승리·파맛
2303,용어·설명·중력·개념·가속도
2304,진입·23·완전·수준·세계
2305,대통령·자신·조변석개·적폐·통치술
2306,재앙·공통점·민주주의·jjh·반문
2307,정규직·노동자·인천공항공사·임금·사장
2308,미국·국민·부정·선거·국가
2309,윤석열·민주당·총장·논법·윤석렬
2310,미국·느끼다·선거·나라·민주주의
2311,한류·수출·행진곡·하태경·앞장서다
2312,만들다·어떻다·오다·과거·되돌아가다
2313,기독교·문화·구심점·성지·자유
2314,패거리·운동·곤봉·머리통·장사
2315,무식·모르다·용감하다·민주주의·인간
2316,이재명·윤석열·수사·대장동·김태훈
2317,개종·강제·목사·교육·종교
2318,진보·사상·약자·진보주의·그것
2319,세밀·형식·자유·김성태·파시즘
2320,송파·배현진·자유·현지·출마
2321,담화·웃음·대국민·트럼프·2020
2322,평등·자유·진보·민주주의·사회
2323,대선·블로우·바디·통영·고성
2324,종단·걸맞다·종교인·개혁·검찰
2325,헬조선·필독·민주주의·조선민주주의인민공화국·위기
2326,공수처·포청천·경제민주주의·매달리다·추미애
2327,트훔·미얀마·savemyanmardemocracy·prayformyanmar·savemyanmar
2328,대학·sky·학생·스카이·전형
2329,수잰·숄티·스칼라·탈북민·비굴
2330,양국·관계·협력·동반자·격상
2331,자유·보스·각자·민주주의·서로
2332,가짜·뉴스·불신·특정인·가중
2333,자유·대한민국·민주주의·만세·탈라
2334,홍익·mailhope·브레인·통합·꽃피우다
2335,수입품·감히·민주주의·오컬트·어디
2336,디도스·수뇌부·선관위·여당·공격
2337,선거·유권자·고름·후보·투표
2338,역적·간신·즉시·죽이다·치다
2339,어떠하다·영웅·침해·희생·경우
2340,폐허·딛다·이룩·국제·경험
2341,캠프·안희정·성폭력·만연·물리
2342,입력·주장·민주주의·부르조아·권력
2343,귀중하다·잊다·기리다·숭고·영웅
2344,민주주의·업뎃은·정말·동토·소통
2345,다르다·반노·인식·민주주의·판단
2346,선정·대통령·포리·난관·2017
2347,노인·민주주의·늙다·규현·스포트라이트
2348,586·세대·386·이인영·보살
2349,머리끄덩이·민주주의·이인제·정치인·늙다
2350,느닷없다·베트남전쟁·서부·끼우다·시즌
2351,집단주의·개인주의·생사여탈·개인·민주주의
2352,한국인·사령관·들쥐·적합·lemming
2353,사찰·헌재·의혹·국정원·도전
2354,플라톤·중우정치·정치·민주주의·위험
2355,대의·직접·국회·해산·민주
2356,안희정·망치부인·충남·도지사·초청
2357,성평등·change·up·완성·같이
2358,북한·살다·지성인·자유·민주주의
2359,국모·어머니·세기·타령·무슨
2360,산후조리원·신생아실·산모·반찬·주방장
2361,명심·기관·상식·존재·조직
2362,순천시·순천·조례·직접·돋보이다
2363,500·조선·민주주의·한남·지랄
2364,문재인·생각·정치인·대통령·민주주의
2365,아시아·시급히·장애·문화·해내다
2366,민주주의·싶다·뺏다·심정·과정
2367,겸손·해독제·강준만·순하다·얌전
2368,민주주의자·김누리·읽기·세상·huffpostkorea
2369,자유·민주주의·풍만·단락·sm
2370,후퇴·과거·뒷걸음치다·친일·column
2371,공론화위·공론·결정·숙의·위원회
2372,유토리·교육·수업·민주주의·정용주
2373,황교안·자유·출마·대표·총리
2374,노동·매몰·집착·재벌·잠시
2375,시위·집회·촛불·신고·트럭
2376,지방·자치·29·전국·풀뿌리
2377,스나이더·티머시·권위주의·가짜·유강
2378,자유·민주주의·배격·허울·중시
2379,정당·정치·국민·비상·민주주의
2380,촛불·주년·민주주의·광화문·광장
2381,주장·반공·김문수·연방제·황금
2382,자유·민주주의·솔직히·거의·대뜸
2383,응분·고민정·윤석열·하이·대가
2384,신권·민주주의·독재·개뿔·효율
2385,하늘·평화·섬광·청명·무지개
2386,구금자·미얀마·결의안·군부·규탄
2387,민주주의·단점·신속히·문제·대안
2388,독극물·행위자·후손·민족·운영
2389,10·이명박·노무현·후퇴·김대중
2390,평등·사회·성공·경우·구성원
2391,합참·장관·국방부·군인·국방
2392,민주당·이재명·다시·개혁·광주
2393,진실·민주주의·꿈꾸다·지키키·piece
2394,황교안·자유·통화·전화·일기
2395,음식점·총량·허가·몰카·야동
2396,민주주의·한국·세계·최고·생각
2397,장자연·사건·묻히다·권력·이기다
2398,헌법·참팟·팟빵·철학사·개헌
2399,결정·민주주의·해오삼·망충·너프
2400,맵다·민주주의·어럽네요·얄궂다·cb
2401,홉스봄·에릭·합의·컨센서스·홉스
2402,유신·한국·박정희·민주주의·고스란
2403,자유·윤석열·민주주의·냥반·자본
2404,국회의원·민주주의·국회·의원·의회
2405,싫다·북한·월북·가다·민주주의
2406,황교안·단식·한국당·단백뇨·단백질
2407,김진태·의원·홍준표·인명진·민주주의
2408,광주·이재명·성지·지키다·묘역
2409,아시아·리콴유·서구·아시아인·민주주의
2410,다수결·민주당·원칙·다수당·민주주의
2411,교육·시민·일상·토론회·협치
2412,공화주의·민주주의·흐르다·다수결·초딩
2413,다시·교육·참교육·초등학교·민주주의
2414,가혹·제도·민주주의·지롤·냉혹
2415,공산주의·연방·통일·연방제·공산
2416,민주주의·죽다·정당·쪽팔리다·타도
2417,국정원·보루·남재준·정보기관·수준
2418,민주주의·거대담론·귀중하다·pt·아무쪼록
2419,지지자·정당·당신·민주주의·패널
